Office_Code,Office_Name,Location,Manager,Total_Revenue
0003,Sucursal 0003,Málaga,Gala Acosta,3645.42
0004,Sucursal 0004,Navarra,Gertrudis Estrada,2063.74
0011,Sucursal 0011,Madrid,Melisa Laguna,7443.32
0016,Sucursal 0016,Álava,Fortunato Colom,4306.93
0018,Sucursal 0018,Vizcaya,Julio César Prado,7927.56
0030,Sucursal 0030,Soria,Baltasar Badía,4799.98
0039,Sucursal 0039,Barcelona,Fabiana Robles,3356.34
0042,Sucursal 0042,Cáceres,Aurelia Ramis,5754.66
0050,Sucursal 0050,Pontevedra,Nacio Iniesta,2592.33
0051,Sucursal 0051,Navarra,Anna Bayo,3550.59
0059,Sucursal 0059,La Rioja,Melisa Zamora,3309.75
0064,Sucursal 0064,Alicante,Eloy Baena,4424.89
0066,Sucursal 0066,Ourense,Belen Escalona,2920.66
0072,Sucursal 0072,Málaga,Iris Águila,3752.19
0078,Sucursal 0078,Castellón,Yéssica Martínez,2692.61
0081,Sucursal 0081,Cáceres,Calixta Busquets,7089.59
0085,Sucursal 0085,Tarragona,Adela Nadal,6956.5
0086,Sucursal 0086,Granada,Inmaculada Varela,5468.26
0087,Sucursal 0087,Pontevedra,Rosaura Cerezo,3504.58
0088,Sucursal 0088,Huesca,Modesta Guijarro,2460.15
0091,Sucursal 0091,Cáceres,Renato Jaume,5949.56
0097,Sucursal 0097,Murcia,Mercedes Benavent,1850.58
0099,Sucursal 0099,Zaragoza,Crescencia Marín,2758.59
0111,Sucursal 0111,Salamanca,Raimundo Rueda,6194.48
0116,Sucursal 0116,Murcia,Isaías Vergara,5577.52
0125,Sucursal 0125,Asturias,Noa Lucena,6188.07
0129,Sucursal 0129,Las Palmas,Alfredo Águila,2250.74
0130,Sucursal 0130,Toledo,Haydée Vizcaíno,1544.64
0134,Sucursal 0134,La Coruña,Encarna Bustos,3251.37
0139,Sucursal 0139,Valladolid,Liliana Mora,5840.24
0140,Sucursal 0140,Castellón,León Nuñez,6727.51
0145,Sucursal 0145,Teruel,Liliana Casares,2789.99
0146,Sucursal 0146,Barcelona,Luciano Varela,2991.6
0150,Sucursal 0150,León,Hugo Llorente,9403.15
0157,Sucursal 0157,Madrid,Manu Jódar,7879.44
0171,Sucursal 0171,Madrid,Moisés Guzmán,2485.88
0173,Sucursal 0173,Castellón,Teófilo Rovira,7739.84
0178,Sucursal 0178,Cantabria,Gala Tapia,4347.32
0181,Sucursal 0181,Asturias,Trini Manjón,1729.69
0182,Sucursal 0182,Albacete,Estrella Neira,5879.48
0188,Sucursal 0188,Granada,Lina Perea,5710.17
0189,Sucursal 0189,Valencia,Luciano Bayona,8024.25
0195,Sucursal 0195,Cádiz,Ruben Cárdenas,1053.74
0202,Sucursal 0202,Ceuta,Nicodemo Jordá,7934.41
0212,Sucursal 0212,Soria,Horacio Madrid,7661.15
0221,Sucursal 0221,Ávila,Inocencio Pol,1044.81
0224,Sucursal 0224,Barcelona,Herminia Moreno,5077.87
0227,Sucursal 0227,Ceuta,Salud Olmo,5207.57
0235,Sucursal 0235,Zaragoza,Reina Plana,7338.13
0244,Sucursal 0244,Huelva,Albino Jove,5338.01
0245,Sucursal 0245,Cuenca,Iker Sáez,7755.07
0247,Sucursal 0247,Zamora,Ariadna Ugarte,2163.13
0260,Sucursal 0260,Ourense,Juanita Rodrigo,2090.13
0261,Sucursal 0261,León,Ildefonso Olmedo,7791.93
0264,Sucursal 0264,Zaragoza,Marcial Valcárcel,1015.48
0267,Sucursal 0267,Sevilla,Ainara Ibañez,1962.86
0274,Sucursal 0274,Málaga,Evelia Verdú,5071.8
0279,Sucursal 0279,Álava,Carmelita Criado,4715.23
0283,Sucursal 0283,Cuenca,María Fernanda Barrios,4881.68
0284,Sucursal 0284,Zaragoza,Milagros Agullo,6307.69
0292,Sucursal 0292,Huelva,Carlos Aguilar,4296.49
0295,Sucursal 0295,Teruel,Leocadia Rivera,1442.63
0296,Sucursal 0296,Lugo,Gerónimo Ropero,3591.0
0300,Sucursal 0300,Burgos,Leocadio Coll,1809.34
0309,Sucursal 0309,Albacete,Martirio Cuesta,11866.73
0310,Sucursal 0310,Cáceres,Roque Hurtado,2918.41
0311,Sucursal 0311,Alicante,Basilio Pizarro,2833.09
0315,Sucursal 0315,Almería,Hermenegildo Vendrell,6091.27
0322,Sucursal 0322,Jaén,Chus Prieto,1748.82
0325,Sucursal 0325,Ourense,Álvaro Palmer,2831.38
0327,Sucursal 0327,Albacete,Catalina Girona,6459.67
0329,Sucursal 0329,Jaén,Ángel Luís,5414.8
0335,Sucursal 0335,Huelva,Verónica Murcia,5781.1
0337,Sucursal 0337,Granada,Marcela Ruiz,4045.67
0338,Sucursal 0338,Madrid,Ana Sofía Ayllón,3928.93
0347,Sucursal 0347,Toledo,Nazario Pons,1791.02
0361,Sucursal 0361,Segovia,Zaida Barros,5295.35
0365,Sucursal 0365,Vizcaya,Erasmo Guillen,5635.23
0367,Sucursal 0367,Huelva,Nazario Diego,2450.63
0379,Sucursal 0379,Valladolid,Arsenio Esparza,6705.74
0382,Sucursal 0382,Lleida,Natividad Tena,1698.93
0388,Sucursal 0388,Toledo,José Izquierdo,1874.52
0390,Sucursal 0390,Segovia,José Manuel Pallarès,1611.47
0393,Sucursal 0393,Burgos,Marisa Barrera,6743.57
0402,Sucursal 0402,Lugo,Marita Carpio,5348.96
0405,Sucursal 0405,Badajoz,Samuel Ramis,4657.93
0408,Sucursal 0408,Almería,Américo Gargallo,6839.61
0411,Sucursal 0411,Baleares,Baudelio Montaña,5982.47
0426,Sucursal 0426,Cantabria,Angelino Real,7851.47
0427,Sucursal 0427,La Coruña,Glauco Calleja,5286.65
0430,Sucursal 0430,Melilla,Natanael Almansa,2729.11
0435,Sucursal 0435,La Rioja,Ezequiel Díaz,4825.91
0436,Sucursal 0436,Alicante,Heraclio Palma,6751.0
0441,Sucursal 0441,Zaragoza,Vanesa Valle,1340.33
0444,Sucursal 0444,Sevilla,Teodoro Company,7408.97
0446,Sucursal 0446,Lleida,Eugenio Ponce,3272.09
0450,Sucursal 0450,Toledo,Anselmo Tur,5423.59
0453,Sucursal 0453,Navarra,Socorro Anglada,3460.4
0465,Sucursal 0465,La Coruña,Tamara Pombo,7539.36
0467,Sucursal 0467,Navarra,María Del Carmen Iglesia,2845.49
0468,Sucursal 0468,Teruel,Arsenio Cadenas,1855.08
0469,Sucursal 0469,Huesca,Bruno Carmona,4895.45
0473,Sucursal 0473,Granada,Jose Manuel Rocamora,6421.1
0477,Sucursal 0477,Albacete,Paulina Escolano,8533.39
0481,Sucursal 0481,Vizcaya,Maricruz Mate,4500.69
0482,Sucursal 0482,Albacete,Eligio Sanjuan,5563.65
0493,Sucursal 0493,Palencia,Lorenzo Morán,1320.68
0497,Sucursal 0497,Zaragoza,Consuelo Amigó,7236.46
0499,Sucursal 0499,Córdoba,Fortunato Olivera,6600.12
0500,Sucursal 0500,Cantabria,Leocadio Roca,4945.59
0504,Sucursal 0504,Asturias,Nuria Guerra,3751.3
0510,Sucursal 0510,Cantabria,Feliciana Cañizares,1531.95
0512,Sucursal 0512,Guadalajara,Camila Aller,11956.119999999999
0520,Sucursal 0520,Guadalajara,Jeremías Arévalo,3643.38
0527,Sucursal 0527,Badajoz,Celestina Casanovas,5397.37
0549,Sucursal 0549,Cádiz,Ramona Sans,5888.54
0565,Sucursal 0565,Cáceres,Trinidad Dueñas,7576.26
0569,Sucursal 0569,Huesca,Nydia Cerezo,2352.63
0580,Sucursal 0580,Palencia,Ale Morán,7036.27
0581,Sucursal 0581,Badajoz,Febe Pino,12210.57
0602,Sucursal 0602,Álava,Loida Cánovas,7062.33
0607,Sucursal 0607,Madrid,Maxi Tejedor,911.56
0616,Sucursal 0616,Málaga,Javi Puig,6477.84
0619,Sucursal 0619,Guipúzcoa,Anastasio Romero,4267.92
0620,Sucursal 0620,Guadalajara,Emigdio Fabregat,5227.74
0621,Sucursal 0621,Jaén,Severino Portillo,13721.45
0626,Sucursal 0626,Córdoba,Timoteo Céspedes,6899.57
0630,Sucursal 0630,Baleares,Evangelina Olivera,7996.76
0631,Sucursal 0631,Salamanca,Eligia Amat,3506.8
0636,Sucursal 0636,Murcia,Sancho Ávila,3724.2
0646,Sucursal 0646,Girona,Noemí Durán,2626.71
0648,Sucursal 0648,Guadalajara,Etelvina Duran,15053.08
0653,Sucursal 0653,Alicante,Haroldo Sebastián,5909.75
0658,Sucursal 0658,Santa Cruz de Tenerife,Rocío Batalla,6498.23
0665,Sucursal 0665,Álava,Consuela Jurado,6170.650000000001
0671,Sucursal 0671,Murcia,Julián Ribes,7036.18
0675,Sucursal 0675,Melilla,Anastasio Ribes,2156.01
0680,Sucursal 0680,Barcelona,Lisandro Izaguirre,1589.74
0705,Sucursal 0705,Salamanca,Sabas Torres,6500.43
0711,Sucursal 0711,Lugo,Florinda Clavero,10390.61
0716,Sucursal 0716,Badajoz,Rubén Pellicer,1787.34
0721,Sucursal 0721,Huelva,Domitila Espinosa,6891.87
0726,Sucursal 0726,Burgos,Tatiana Lago,4036.83
0729,Sucursal 0729,Pontevedra,Abraham Lucas,5292.53
0731,Sucursal 0731,La Coruña,Eligio Ribera,5814.41
0738,Sucursal 0738,Cáceres,Bonifacio Murillo,6468.68
0744,Sucursal 0744,Ciudad,Félix Arjona,6103.85
0749,Sucursal 0749,Guipúzcoa,Encarnacion Ledesma,3727.71
0752,Sucursal 0752,Melilla,Norberto Escalona,6808.96
0765,Sucursal 0765,Ávila,Teobaldo Montalbán,3569.37
0773,Sucursal 0773,Ceuta,Lupe Arnal,4713.28
0788,Sucursal 0788,Cantabria,Daniel Nebot,7637.16
0789,Sucursal 0789,León,Flavio Casals,4801.51
0807,Sucursal 0807,Tarragona,Eusebio Villaverde,3935.28
0814,Sucursal 0814,Ourense,Espiridión Galan,2687.26
0818,Sucursal 0818,Córdoba,Joel Toledo,1264.85
0822,Sucursal 0822,Córdoba,Juan Bautista Llopis,1620.82
0831,Sucursal 0831,Barcelona,Marta Portero,10981.07
0842,Sucursal 0842,Cáceres,Álvaro Blasco,2423.79
0874,Sucursal 0874,Melilla,Carlos Campo,12908.08
0876,Sucursal 0876,Huelva,Apolonia Oliveras,3861.3599999999997
0878,Sucursal 0878,Sevilla,Jose Carlos Sobrino,3086.9
0881,Sucursal 0881,Córdoba,Nayara Borrego,5035.51
0884,Sucursal 0884,Zamora,Jacinta Sáez,5337.11
0897,Sucursal 0897,Girona,Purificación Morcillo,7235.35
0900,Sucursal 0900,Tarragona,Celestina Roda,4308.73
0904,Sucursal 0904,Lugo,Quirino Montenegro,1659.69
0912,Sucursal 0912,Salamanca,Edu Pombo,12411.0
0925,Sucursal 0925,Zaragoza,Pancho Ibarra,3612.23
0930,Sucursal 0930,Málaga,Wálter Alvarado,4958.43
0932,Sucursal 0932,Segovia,René Ramón,3599.19
0938,Sucursal 0938,Jaén,Eliseo Azorin,5713.84
0939,Sucursal 0939,Murcia,María Del Carmen Ruano,6720.12
0941,Sucursal 0941,Cádiz,Carmina Valera,4302.74
0951,Sucursal 0951,Álava,Baudelio Mateo,7027.28
0953,Sucursal 0953,Teruel,Perlita Almagro,2133.29
0959,Sucursal 0959,Toledo,Leoncio Cortina,2614.46
0964,Sucursal 0964,Salamanca,Celestino Coello,3955.93
0965,Sucursal 0965,Pontevedra,Narcisa Ariza,5847.84
0968,Sucursal 0968,Barcelona,Rita Torrents,3384.72
0970,Sucursal 0970,Soria,Edgardo Hoz,5624.23
0972,Sucursal 0972,Teruel,Ibán Cantero,5770.01
0979,Sucursal 0979,Teruel,Samu Pedrosa,1261.83
0987,Sucursal 0987,Navarra,Rodrigo Luz,7802.37
0994,Sucursal 0994,Teruel,Melisa Saldaña,5059.45
0995,Sucursal 0995,Álava,Teófilo Méndez,3599.27
0998,Sucursal 0998,Álava,Hilda Castañeda,6625.46
1002,Sucursal 1002,Santa Cruz de Tenerife,Leire Rico,4105.64
1012,Sucursal 1012,Lugo,Rocío Montserrat,5399.81
1015,Sucursal 1015,Murcia,Coral Iglesias,7111.68
1023,Sucursal 1023,Barcelona,Lino Solera,7016.56
1024,Sucursal 1024,Guadalajara,Víctor Dávila,1063.52
1029,Sucursal 1029,Castellón,Carolina Perales,939.87
1030,Sucursal 1030,Navarra,Severino Nicolás,6254.75
1031,Sucursal 1031,Valladolid,Adelardo Aparicio,7170.43
1038,Sucursal 1038,Las Palmas,José Gilabert,3424.74
1041,Sucursal 1041,Ourense,Joel Ledesma,4555.75
1047,Sucursal 1047,Segovia,Fernando Herrero,7436.44
1051,Sucursal 1051,Granada,Rosario Ramírez,3755.57
1063,Sucursal 1063,Ceuta,Teófila Miralles,5556.67
1065,Sucursal 1065,Santa Cruz de Tenerife,Octavia Barberá,1081.21
1066,Sucursal 1066,Cantabria,Graciano Posada,5112.87
1086,Sucursal 1086,Teruel,Candelaria Menéndez,7520.05
1096,Sucursal 1096,Cádiz,Buenaventura Bolaños,2881.93
1102,Sucursal 1102,Palencia,Águeda Pedrosa,2556.55
1109,Sucursal 1109,La Coruña,Benigna Castellanos,7859.24
1136,Sucursal 1136,Álava,Victor Madrigal,7834.35
1138,Sucursal 1138,Zaragoza,Severiano Parejo,2837.2
1146,Sucursal 1146,Cantabria,Verónica Mateo,6701.4
1150,Sucursal 1150,Asturias,Gil Montes,5278.13
1151,Sucursal 1151,Sevilla,Manuel Verdugo,9634.55
1155,Sucursal 1155,Cuenca,Amando Alegria,4344.15
1163,Sucursal 1163,Córdoba,Belen Querol,7660.93
1173,Sucursal 1173,Jaén,Custodia Barberá,1047.57
1175,Sucursal 1175,Soria,Fabián Zaragoza,7544.55
1178,Sucursal 1178,Granada,Florentina Aragón,6602.62
1183,Sucursal 1183,Segovia,Claudio Mendoza,7237.54
1185,Sucursal 1185,Baleares,Azahara Andrés,7944.17
1186,Sucursal 1186,Madrid,Jose Manuel Pelayo,2360.17
1188,Sucursal 1188,Jaén,Hector Serna,2596.47
1192,Sucursal 1192,Valladolid,Hernando Posada,2727.52
1201,Sucursal 1201,Las Palmas,Lucila Corbacho,6525.38
1202,Sucursal 1202,Ciudad,Claudio Gómez,5574.87
1203,Sucursal 1203,Tarragona,Rubén Viana,4712.13
1204,Sucursal 1204,Toledo,Jesusa Poza,3152.44
1219,Sucursal 1219,Cádiz,Mario Burgos,7779.27
1223,Sucursal 1223,Córdoba,Alejandro Ferrándiz,4322.9
1232,Sucursal 1232,Cáceres,Ezequiel Mariño,5757.32
1233,Sucursal 1233,Melilla,Diana Lozano,3636.73
1239,Sucursal 1239,Valladolid,Prudencio Cervera,3076.56
1243,Sucursal 1243,Sevilla,Charo Bravo,7445.54
1244,Sucursal 1244,Murcia,Valero Orozco,6275.09
1245,Sucursal 1245,Zamora,Ruth Batlle,3233.15
1250,Sucursal 1250,Lleida,Adelia Becerra,5904.77
1254,Sucursal 1254,Albacete,Adelina Suarez,5405.53
1263,Sucursal 1263,Vizcaya,Lisandro Mercader,6888.57
1264,Sucursal 1264,Ciudad,Odalys Julián,7859.51
1267,Sucursal 1267,Guadalajara,Victor Cuadrado,5361.65
1268,Sucursal 1268,Alicante,Narciso Aparicio,2993.54
1272,Sucursal 1272,Palencia,María Carmen Heras,3341.69
1275,Sucursal 1275,Baleares,Belén Vila,7700.31
1276,Sucursal 1276,Albacete,Saturnina Barbero,3174.34
1293,Sucursal 1293,Soria,Calixto Ruano,2956.2
1296,Sucursal 1296,Baleares,Dolores Roura,5867.71
1299,Sucursal 1299,La Rioja,Telmo Tolosa,2140.37
1303,Sucursal 1303,Ceuta,Nicolás Larrea,4477.51
1315,Sucursal 1315,Ciudad,Eutropio Castillo,5929.59
1322,Sucursal 1322,La Coruña,Morena Fuster,1251.78
1347,Sucursal 1347,Tarragona,Angelina Quesada,7800.34
1357,Sucursal 1357,Guadalajara,Melchor Valle,5836.01
1359,Sucursal 1359,Melilla,Eleuterio Feijoo,5292.69
1371,Sucursal 1371,Asturias,Victor Manuel Tejada,5552.35
1374,Sucursal 1374,Lleida,Artemio Patiño,12226.4
1377,Sucursal 1377,Salamanca,Eugenio Ponce,15027.44
1379,Sucursal 1379,Ceuta,Rodolfo Bárcena,5355.05
1382,Sucursal 1382,Pontevedra,Omar Porcel,7636.9
1383,Sucursal 1383,Castellón,Heliodoro Salom,5505.36
1395,Sucursal 1395,Barcelona,Santiago Barberá,2717.52
1398,Sucursal 1398,Sevilla,Nazaret Goicoechea,1652.64
1399,Sucursal 1399,Valencia,Feliciana Mariño,3866.95
1400,Sucursal 1400,Tarragona,Luisa Quesada,1753.85
1403,Sucursal 1403,Jaén,Cándido Batlle,3984.81
1405,Sucursal 1405,Pontevedra,Marisela Gracia,7249.77
1415,Sucursal 1415,Cantabria,Ágata Campos,7626.23
1418,Sucursal 1418,Salamanca,Débora Arteaga,14957.189999999999
1419,Sucursal 1419,Alicante,Segismundo Amorós,7674.16
1427,Sucursal 1427,Las Palmas,Ámbar Atienza,2970.98
1431,Sucursal 1431,Toledo,José Antonio Jover,5843.65
1437,Sucursal 1437,Ávila,Ciriaco Clemente,5554.59
1449,Sucursal 1449,Baleares,Macaria Parra,3185.47
1450,Sucursal 1450,Sevilla,Lilia Barreda,6321.8
1456,Sucursal 1456,Sevilla,Miguel Casal,4764.12
1468,Sucursal 1468,Córdoba,Alberto Solís,4025.7
1469,Sucursal 1469,Albacete,Amalia Perales,4479.0
1470,Sucursal 1470,Segovia,Venceslás Sotelo,6988.27
1473,Sucursal 1473,Albacete,Jose Luis Guillen,4861.51
1474,Sucursal 1474,Córdoba,Ignacio Chacón,3620.29
1487,Sucursal 1487,Palencia,Pastor Bernal,6611.6
1494,Sucursal 1494,Granada,Pío Fonseca,2911.57
1495,Sucursal 1495,Cuenca,Carmelita Piñol,3864.57
1517,Sucursal 1517,Melilla,Silvia Casado,1661.63
1518,Sucursal 1518,Álava,Jesusa Blázquez,1325.36
1529,Sucursal 1529,Toledo,Cándido Solé,3458.52
1537,Sucursal 1537,Córdoba,Eladio Mendoza,1295.98
1539,Sucursal 1539,Pontevedra,Jesusa Oller,1219.77
1540,Sucursal 1540,Asturias,Carlos Dominguez,3886.73
1545,Sucursal 1545,Girona,Nico Cabanillas,1596.17
1554,Sucursal 1554,Sevilla,Edmundo Porcel,2233.97
1569,Sucursal 1569,Cantabria,Jose Angel Expósito,6788.41
1575,Sucursal 1575,Las Palmas,Agustina Benito,3416.65
1584,Sucursal 1584,Almería,Fabiola Torres,1339.98
1587,Sucursal 1587,Santa Cruz de Tenerife,África Garcés,3419.12
1591,Sucursal 1591,León,Candela Cerdá,3410.69
1592,Sucursal 1592,Cáceres,Amílcar Neira,7294.37
1593,Sucursal 1593,Cádiz,Maricruz Franch,5704.15
1606,Sucursal 1606,Sevilla,Roxana Meléndez,1079.05
1607,Sucursal 1607,Teruel,Manu Huertas,3928.32
1612,Sucursal 1612,Valencia,Seve Feijoo,2676.73
1616,Sucursal 1616,Navarra,Cipriano Fiol,6002.69
1618,Sucursal 1618,Córdoba,Yéssica Barbero,7887.41
1635,Sucursal 1635,Santa Cruz de Tenerife,Godofredo Perales,5185.21
1643,Sucursal 1643,Valladolid,Ana Sofía Morante,5757.06
1653,Sucursal 1653,Málaga,Hermenegildo Paniagua,2731.11
1655,Sucursal 1655,Cádiz,Primitiva Barba,1725.68
1656,Sucursal 1656,Segovia,Juan Francisco Gascón,1751.06
1660,Sucursal 1660,Palencia,Carlos Guzmán,2974.64
1668,Sucursal 1668,Cantabria,Teodosio Garay,1114.87
1674,Sucursal 1674,Asturias,Pascual Boix,6844.2
1677,Sucursal 1677,Málaga,Fortunata Aranda,4709.21
1680,Sucursal 1680,Murcia,Julieta Anguita,2979.87
1681,Sucursal 1681,Vizcaya,Eli Maza,6238.74
1687,Sucursal 1687,Valladolid,Cayetana Cobo,4293.4
1691,Sucursal 1691,Jaén,Susana Castilla,7178.56
1696,Sucursal 1696,Valladolid,Esmeralda Arregui,13101.8
1700,Sucursal 1700,Barcelona,Merche Salvador,7216.98
1719,Sucursal 1719,Ciudad,Natividad Villaverde,2947.3
1721,Sucursal 1721,Zamora,Rosalía Roldan,6280.15
1735,Sucursal 1735,Segovia,Bernardo Mayo,7854.72
1746,Sucursal 1746,Teruel,Nazaret Marí,2443.32
1751,Sucursal 1751,Teruel,Román Gabaldón,5937.38
1766,Sucursal 1766,León,Azahar Cortés,4299.23
1770,Sucursal 1770,Teruel,Sandra Mateos,2656.25
1783,Sucursal 1783,Las Palmas,Regina Simó,5880.07
1784,Sucursal 1784,Huesca,Ana Sofía Palmer,4466.0
1786,Sucursal 1786,León,Samu Noriega,7106.94
1796,Sucursal 1796,Asturias,Jacinta Arnal,6590.88
1803,Sucursal 1803,Málaga,Apolinar Muñoz,1020.81
1807,Sucursal 1807,Santa Cruz de Tenerife,Jesús Amador,7994.6
1821,Sucursal 1821,Valladolid,Teófila Arranz,7177.09
1824,Sucursal 1824,Zamora,Lola Santamaria,1047.58
1827,Sucursal 1827,Soria,Chelo Santana,1507.59
1828,Sucursal 1828,La Coruña,Aureliano Puga,6048.04
1832,Sucursal 1832,Baleares,Patricia Jaén,5131.37
1838,Sucursal 1838,Almería,Fidel Teruel,4640.29
1845,Sucursal 1845,León,Paloma Segura,4050.71
1848,Sucursal 1848,Las Palmas,Inés Torrents,6392.84
1856,Sucursal 1856,Las Palmas,Elba Bellido,2429.32
1859,Sucursal 1859,Valencia,Alexandra Barceló,5956.87
1860,Sucursal 1860,Cuenca,Segismundo Macías,3487.09
1868,Sucursal 1868,Las Palmas,Celestino Agudo,5724.450000000001
1870,Sucursal 1870,León,Jose Ignacio Pastor,12038.849999999999
1872,Sucursal 1872,La Rioja,Ascensión Plaza,1918.11
1876,Sucursal 1876,Ciudad,Albino Trillo,3587.12
1882,Sucursal 1882,Santa Cruz de Tenerife,Germán Expósito,5355.84
1886,Sucursal 1886,Girona,María Ángeles Echevarría,5944.61
1896,Sucursal 1896,Vizcaya,Graciana Sotelo,4557.42
1911,Sucursal 1911,Segovia,Coral Pardo,4027.28
1915,Sucursal 1915,Baleares,Édgar Arcos,5778.27
1924,Sucursal 1924,Girona,Joaquina Priego,4509.7
1925,Sucursal 1925,Soria,Gabriela Sanjuan,1002.35
1927,Sucursal 1927,Cáceres,Paloma Benavides,3231.68
1946,Sucursal 1946,Granada,Darío Rius,4325.5
1955,Sucursal 1955,Ciudad,Renato Garcés,2038.76
1959,Sucursal 1959,Alicante,Alfredo Osorio,9491.02
1963,Sucursal 1963,Vizcaya,Carmelo Solano,4603.9
1964,Sucursal 1964,Álava,Nuria Hoyos,7646.7
1985,Sucursal 1985,Córdoba,Belén Gargallo,2457.99
1990,Sucursal 1990,Alicante,Odalis Teruel,3433.88
2001,Sucursal 2001,Pontevedra,Plinio Cervantes,2463.32
2002,Sucursal 2002,Cuenca,Tere Rodríguez,4194.03
2004,Sucursal 2004,Zamora,Leoncio Fuentes,1446.41
2009,Sucursal 2009,Huelva,Amado Batalla,4795.35
2015,Sucursal 2015,Huelva,Isa Cánovas,2896.34
2018,Sucursal 2018,Lleida,Poncio Mariño,1028.76
2025,Sucursal 2025,Barcelona,María Márquez,3362.29
2032,Sucursal 2032,La Coruña,Cristian Lago,4201.56
2041,Sucursal 2041,Zamora,Visitación Balaguer,7556.86
2042,Sucursal 2042,Córdoba,Lalo Bru,5485.57
2045,Sucursal 2045,Tarragona,Violeta Verdejo,7328.43
2053,Sucursal 2053,Ceuta,Germán Cuesta,3007.86
2058,Sucursal 2058,Cáceres,Remedios Verdejo,8975.38
2062,Sucursal 2062,Valladolid,Valeria Lasa,4332.55
2068,Sucursal 2068,Alicante,Nicolasa Manuel,6299.81
2070,Sucursal 2070,Las Palmas,Gaspar Aguirre,5421.63
2073,Sucursal 2073,Salamanca,Marc Morán,7840.24
2082,Sucursal 2082,Cantabria,Lisandro Berenguer,5701.83
2084,Sucursal 2084,Cantabria,Rufino Plana,4865.71
2086,Sucursal 2086,Córdoba,Rico Viñas,5474.43
2090,Sucursal 2090,La Coruña,Leonardo Palomino,7815.21
2102,Sucursal 2102,Huelva,Cristian Lastra,4157.47
2106,Sucursal 2106,Pontevedra,Almudena Molina,7792.82
2109,Sucursal 2109,Badajoz,Camilo Roldan,1409.74
2110,Sucursal 2110,Teruel,Porfirio Hidalgo,5919.77
2118,Sucursal 2118,La Coruña,Ofelia Sainz,5848.87
2132,Sucursal 2132,Segovia,Ema Clavero,7429.58
2134,Sucursal 2134,Santa Cruz de Tenerife,Inmaculada Rojas,9213.81
2158,Sucursal 2158,Lleida,María José Benet,1970.15
2161,Sucursal 2161,Álava,Amador Cazorla,841.37
2181,Sucursal 2181,Huelva,Jordana Bosch,1297.94
2195,Sucursal 2195,Sevilla,Eusebio Vilanova,2250.73
2209,Sucursal 2209,Lugo,Ciriaco Criado,5208.83
2212,Sucursal 2212,Huesca,Araceli Fernandez,3790.67
2218,Sucursal 2218,Zaragoza,Reyes Cazorla,3607.29
2222,Sucursal 2222,Madrid,Amanda Valenciano,1992.02
2241,Sucursal 2241,Lleida,Leyre Vilanova,2785.68
2242,Sucursal 2242,Segovia,Eusebio Rovira,14326.14
2249,Sucursal 2249,Huesca,Carmela Bernad,4382.78
2250,Sucursal 2250,Ourense,Juan Francisco Heras,3463.4
2254,Sucursal 2254,Álava,Ruben Oliva,3874.99
2268,Sucursal 2268,León,Carlito Mata,3983.89
2269,Sucursal 2269,Zaragoza,Segismundo Saavedra,6843.04
2271,Sucursal 2271,Zaragoza,Ofelia Catalán,7045.71
2276,Sucursal 2276,Pontevedra,Anacleto Hoz,3243.48
2278,Sucursal 2278,Valladolid,Corona Miguel,7135.01
2282,Sucursal 2282,Segovia,Rufina Mateos,4536.29
2283,Sucursal 2283,Álava,Borja Parejo,4035.51
2295,Sucursal 2295,Tarragona,Che Melero,5822.51
2296,Sucursal 2296,Baleares,Macarena Gascón,1349.93
2299,Sucursal 2299,Córdoba,Sigfrido Capdevila,7401.58
2308,Sucursal 2308,Pontevedra,Ximena Cerdá,4206.29
2312,Sucursal 2312,Barcelona,Rosaura Peiró,6219.78
2321,Sucursal 2321,Cáceres,Modesto Castro,13757.34
2324,Sucursal 2324,Guipúzcoa,Loida Cabezas,889.37
2327,Sucursal 2327,Ávila,María Luisa Roldan,5982.0
2337,Sucursal 2337,Guipúzcoa,Blanca Calderón,5976.66
2342,Sucursal 2342,Cáceres,Olga Luján,4266.57
2350,Sucursal 2350,Zaragoza,Patricio Burgos,4597.0
2353,Sucursal 2353,Lleida,Natalia Rivero,4716.49
2355,Sucursal 2355,Guipúzcoa,Cloe Sanmiguel,1190.43
2357,Sucursal 2357,Álava,Lola Olivé,6141.81
2358,Sucursal 2358,Alicante,Juan Luis Montes,4489.7
2359,Sucursal 2359,Valladolid,Teo Folch,12198.3
2360,Sucursal 2360,Baleares,Sonia Miralles,3194.59
2366,Sucursal 2366,Pontevedra,Brígida Lobato,5486.91
2372,Sucursal 2372,Cáceres,Celso Rios,10841.05
2378,Sucursal 2378,Granada,Esther Barrera,5462.46
2380,Sucursal 2380,Zaragoza,Isidora Ugarte,7684.1
2382,Sucursal 2382,Ourense,Vinicio Ibáñez,14165.73
2390,Sucursal 2390,Ávila,Adelina Andres,6735.67
2396,Sucursal 2396,Córdoba,Octavio Miranda,6806.01
2399,Sucursal 2399,Sevilla,Fanny Jiménez,5267.86
2410,Sucursal 2410,Jaén,Mohamed Mayol,1101.26
2412,Sucursal 2412,Guadalajara,Germán Elorza,3745.22
2416,Sucursal 2416,Toledo,Claudio Sosa,7856.97
2424,Sucursal 2424,Ávila,Toni Téllez,4065.32
2443,Sucursal 2443,Las Palmas,Zaira Patiño,3278.72
2456,Sucursal 2456,Guadalajara,Patricio Solsona,3919.88
2457,Sucursal 2457,Alicante,Javi Blanes,6321.15
2466,Sucursal 2466,Lleida,Andrés Zaragoza,12648.23
2470,Sucursal 2470,Palencia,Aurora Pont,861.09
2479,Sucursal 2479,Tarragona,Victoriano Paniagua,7478.73
2491,Sucursal 2491,La Rioja,Asunción Conde,4703.55
2495,Sucursal 2495,Toledo,Jose Ramón Verdú,5205.41
2500,Sucursal 2500,Girona,Telmo Orozco,6726.03
2501,Sucursal 2501,Burgos,Petrona Cabrera,5493.69
2507,Sucursal 2507,Cádiz,Encarnación Ródenas,836.0
2509,Sucursal 2509,Toledo,Albina Villaverde,6885.35
2510,Sucursal 2510,Madrid,Rufino Gárate,3292.47
2518,Sucursal 2518,Tarragona,Amada Porta,7975.55
2527,Sucursal 2527,Jaén,Camilo Ferreras,2751.55
2533,Sucursal 2533,Girona,Paola Agudo,6855.17
2534,Sucursal 2534,Palencia,Jacinta Llorente,4787.0
2541,Sucursal 2541,Barcelona,Cruz Sotelo,7749.28
2544,Sucursal 2544,Santa Cruz de Tenerife,Humberto Valderrama,4814.16
2545,Sucursal 2545,Palencia,Apolinar Batlle,5343.19
2559,Sucursal 2559,Guadalajara,Cristina Amor,3265.6800000000003
2560,Sucursal 2560,Valladolid,Azahar Cervantes,6700.77
2562,Sucursal 2562,Madrid,Lupita Martín,3795.21
2565,Sucursal 2565,Ávila,Maura Lladó,7830.52
2570,Sucursal 2570,Lugo,Agustín Nevado,992.34
2578,Sucursal 2578,Málaga,Josué Raya,3300.96
2580,Sucursal 2580,Guipúzcoa,Reinaldo Bauzà,1038.88
2581,Sucursal 2581,Salamanca,Juanito Figueras,1455.27
2598,Sucursal 2598,Alicante,Elisabet Daza,7924.05
2600,Sucursal 2600,Pontevedra,Esther Tolosa,7509.67
2606,Sucursal 2606,Baleares,Cristina Escribano,2724.92
2612,Sucursal 2612,Guadalajara,Petrona Posada,2745.68
2623,Sucursal 2623,Santa Cruz de Tenerife,Kike Pareja,1950.78
2647,Sucursal 2647,Huesca,Esperanza Esteban,4942.45
2651,Sucursal 2651,Madrid,Susanita Oliva,3878.57
2656,Sucursal 2656,La Rioja,Isa Capdevila,8446.880000000001
2658,Sucursal 2658,Teruel,Ezequiel Calderón,11134.69
2662,Sucursal 2662,Asturias,Sigfrido Piñeiro,19754.56
2664,Sucursal 2664,Girona,Lara Artigas,7967.36
2671,Sucursal 2671,Las Palmas,Aarón Pareja,2663.3
2672,Sucursal 2672,Las Palmas,Saturnino Luz,7771.38
2673,Sucursal 2673,Melilla,Noa Saez,6026.13
2682,Sucursal 2682,Girona,Alma Cerdán,7269.92
2685,Sucursal 2685,Burgos,Remedios Herrero,6551.81
2689,Sucursal 2689,Cádiz,Graciela Calleja,5008.8
2692,Sucursal 2692,Burgos,Rosalía Amador,5926.38
2694,Sucursal 2694,Albacete,Martín Agustí,2505.79
2699,Sucursal 2699,Toledo,Azucena Saldaña,3495.74
2701,Sucursal 2701,Soria,Elisabet Abascal,1062.17
2702,Sucursal 2702,Lleida,Nydia Alba,6188.67
2705,Sucursal 2705,Zaragoza,Ximena Borrás,2820.58
2708,Sucursal 2708,Granada,Valerio Alba,5367.93
2716,Sucursal 2716,Toledo,Eligio Checa,2449.4
2724,Sucursal 2724,Ceuta,Áurea Acosta,6472.18
2728,Sucursal 2728,Huesca,Eligio Morán,4929.9
2730,Sucursal 2730,Ceuta,Ana Expósito,8932.2
2734,Sucursal 2734,Guipúzcoa,Teo Mora,2572.79
2737,Sucursal 2737,La Rioja,Gil Castells,6861.9
2742,Sucursal 2742,Ourense,Luz Coll,5084.7
2744,Sucursal 2744,Badajoz,Vito Durán,4127.54
2752,Sucursal 2752,Albacete,Gaspar Bustamante,2993.8
2757,Sucursal 2757,Valencia,Efraín Naranjo,4792.55
2760,Sucursal 2760,Sevilla,Filomena Sáez,6847.47
2782,Sucursal 2782,Lleida,Palmira Ramis,4510.92
2788,Sucursal 2788,La Rioja,Jose Manuel Martí,11388.97
2791,Sucursal 2791,Burgos,Wilfredo Sanjuan,5968.45
2798,Sucursal 2798,Cáceres,Dionisia Varela,8815.62
2817,Sucursal 2817,Jaén,Ale Silva,3201.5
2819,Sucursal 2819,Segovia,Berta Pareja,11675.32
2821,Sucursal 2821,Salamanca,Efraín Agustí,6917.59
2827,Sucursal 2827,Lleida,Modesta Valcárcel,1453.69
2828,Sucursal 2828,Cáceres,Bernardino Garrido,6521.31
2837,Sucursal 2837,Valencia,Maricruz Hernandez,12111.74
2838,Sucursal 2838,Ourense,Rogelio Dávila,10458.82
2858,Sucursal 2858,Badajoz,Vilma Juliá,4181.03
2866,Sucursal 2866,Ciudad,Hernán Bauzà,5476.45
2869,Sucursal 2869,Segovia,Curro Antúnez,7643.66
2873,Sucursal 2873,Santa Cruz de Tenerife,Wálter Chaves,5542.46
2882,Sucursal 2882,Asturias,Tristán Fuentes,1071.97
2885,Sucursal 2885,Alicante,Aristides Rios,5618.43
2899,Sucursal 2899,Badajoz,Albert Llopis,8654.68
2907,Sucursal 2907,Melilla,Calixto Fuertes,8959.1
2909,Sucursal 2909,Guadalajara,Plinio Bas,2449.19
2910,Sucursal 2910,Baleares,Tere Borja,4119.45
2925,Sucursal 2925,Sevilla,Susana Zaragoza,5271.81
2931,Sucursal 2931,La Rioja,Leandro Gómez,3242.51
2938,Sucursal 2938,Lleida,Maximiano Segarra,6584.89
2943,Sucursal 2943,Albacete,Luciana Juárez,7417.4
2950,Sucursal 2950,Granada,Melchor Gimenez,2686.42
2958,Sucursal 2958,Ourense,Visitación Pascual,1269.6
2963,Sucursal 2963,Navarra,Lalo Cárdenas,1571.77
2966,Sucursal 2966,Pontevedra,Candelas Grau,7623.16
2978,Sucursal 2978,La Rioja,Pilar Roman,5674.26
2985,Sucursal 2985,Madrid,Leonor Carro,5480.13
2990,Sucursal 2990,Cáceres,Emilia Priego,2947.09
3000,Sucursal 3000,Palencia,Encarnita Colomer,6484.8
3003,Sucursal 3003,Lugo,Paco Martín,1200.68
3009,Sucursal 3009,Castellón,Cornelio Peña,4095.98
3020,Sucursal 3020,Cádiz,Hilario Leal,7266.97
3023,Sucursal 3023,Toledo,Elpidio Barragán,4421.93
3025,Sucursal 3025,Ciudad,Isabel Guitart,13045.64
3029,Sucursal 3029,Melilla,Ani Nevado,3676.41
3033,Sucursal 3033,Tarragona,Jose Urrutia,5276.56
3051,Sucursal 3051,Baleares,Teodora Figueras,5926.55
3057,Sucursal 3057,Granada,Tatiana Caballero,5656.43
3061,Sucursal 3061,Toledo,Candelaria León,2726.24
3063,Sucursal 3063,Badajoz,Ani Vicente,4986.51
3067,Sucursal 3067,Teruel,Calista Barberá,7797.54
3074,Sucursal 3074,Palencia,Amado Becerra,5959.21
3078,Sucursal 3078,Valladolid,Alonso Alemán,13597.119999999999
3080,Sucursal 3080,Barcelona,Carmela Ramos,6925.64
3086,Sucursal 3086,Jaén,Salomón Álamo,12811.66
3099,Sucursal 3099,Huelva,Luis Ángel Plaza,1861.48
3100,Sucursal 3100,Guadalajara,Ramona Benítez,2018.56
3101,Sucursal 3101,Segovia,María Flor,1207.97
3103,Sucursal 3103,Teruel,Laura Ponce,6341.12
3105,Sucursal 3105,Ourense,Benjamín Meléndez,1500.34
3108,Sucursal 3108,Segovia,Julio César Rodriguez,4657.1
3126,Sucursal 3126,Melilla,Aitana Meléndez,3547.78
3140,Sucursal 3140,Toledo,Modesta Riquelme,7355.97
3151,Sucursal 3151,Huesca,Reyna Uribe,4788.6
3156,Sucursal 3156,Cantabria,Martín Cuéllar,2898.78
3163,Sucursal 3163,Melilla,Leandro Barón,3971.22
3174,Sucursal 3174,Zamora,Manolo Soto,2259.73
3177,Sucursal 3177,Asturias,Vanesa Navarrete,4408.7
3180,Sucursal 3180,Vizcaya,Benita Santiago,7937.86
3187,Sucursal 3187,Sevilla,Aurelio Campillo,7067.38
3188,Sucursal 3188,Castellón,Lina Cobo,15424.99
3195,Sucursal 3195,Barcelona,Bárbara Salamanca,6951.07
3202,Sucursal 3202,Burgos,Manu Iñiguez,7101.13
3205,Sucursal 3205,Álava,Sol Rocha,4445.57
3212,Sucursal 3212,Lugo,José María Franch,7236.93
3217,Sucursal 3217,Melilla,Loida Ibarra,7284.66
3223,Sucursal 3223,Ourense,Reynaldo Nevado,5882.29
3224,Sucursal 3224,Ciudad,María Cerdán,7617.280000000001
3231,Sucursal 3231,Lleida,Chema Ferrero,3952.01
3238,Sucursal 3238,Segovia,Reyes Alcaraz,6250.77
3241,Sucursal 3241,Murcia,Julio Noriega,7363.21
3243,Sucursal 3243,Murcia,Chema Jaén,1481.09
3262,Sucursal 3262,Badajoz,Estefanía Sans,1577.42
3267,Sucursal 3267,Córdoba,Bartolomé Reyes,3610.26
3274,Sucursal 3274,Tarragona,Rufino Blasco,6454.3099999999995
3277,Sucursal 3277,Granada,Nazaret Urrutia,1870.14
3298,Sucursal 3298,Badajoz,Remigio Granados,6570.95
3301,Sucursal 3301,Huesca,Tomás Sáenz,2675.55
3302,Sucursal 3302,Valladolid,Tomasa Acedo,6724.97
3306,Sucursal 3306,Ceuta,Lara Gabaldón,3206.74
3307,Sucursal 3307,Pontevedra,Amando Barrera,4700.49
3311,Sucursal 3311,Melilla,Sara Arnau,2905.58
3314,Sucursal 3314,Ciudad,Jose Francisco Mercader,5637.09
3320,Sucursal 3320,Guipúzcoa,Gloria Vall,2385.68
3322,Sucursal 3322,Teruel,Lucía Sevilla,6501.0
3323,Sucursal 3323,Zaragoza,Carmela Gelabert,6979.89
3329,Sucursal 3329,Badajoz,Martín Narváez,3803.91
3335,Sucursal 3335,Alicante,Ramiro Lloret,4652.26
3347,Sucursal 3347,Murcia,Julieta Moreno,7302.74
3354,Sucursal 3354,Jaén,Leandro Ayllón,2747.87
3361,Sucursal 3361,Asturias,José Priego,1979.55
3366,Sucursal 3366,Vizcaya,Lara Franco,999.74
3372,Sucursal 3372,Jaén,Jimena Guijarro,14386.97
3374,Sucursal 3374,Málaga,Dorita Carballo,4054.41
3375,Sucursal 3375,Palencia,Maite Arteaga,7238.34
3380,Sucursal 3380,Burgos,Natanael Bou,1194.12
3382,Sucursal 3382,Granada,Roldán Martorell,14675.93
3387,Sucursal 3387,Guadalajara,Noé Cervantes,4428.93
3390,Sucursal 3390,Valencia,Paz Reguera,6145.45
3398,Sucursal 3398,La Rioja,Sosimo Llanos,3483.39
3404,Sucursal 3404,Palencia,Adelaida Vera,5764.85
3406,Sucursal 3406,Castellón,Adrián Pizarro,4328.58
3418,Sucursal 3418,Girona,Maximino Leon,974.48
3419,Sucursal 3419,Las Palmas,Jose Ramón Marcos,10332.04
3424,Sucursal 3424,Huelva,Luis Ángel Sáez,7522.12
3428,Sucursal 3428,Córdoba,Jose Angel Ferrero,6413.54
3430,Sucursal 3430,Girona,Yago Barriga,6951.24
3434,Sucursal 3434,Pontevedra,Abril Hervia,2584.76
3435,Sucursal 3435,Granada,Itziar Nieto,2408.73
3436,Sucursal 3436,Palencia,Darío Trujillo,12490.89
3442,Sucursal 3442,Valencia,Albano Palomares,14163.95
3445,Sucursal 3445,Burgos,Amor Pinedo,7195.17
3446,Sucursal 3446,Lugo,Ambrosio Gimeno,4905.13
3457,Sucursal 3457,Soria,Horacio Codina,7838.34
3462,Sucursal 3462,Teruel,Herminio Pelayo,6848.79
3467,Sucursal 3467,La Rioja,Alondra Cañellas,860.01
3468,Sucursal 3468,Lugo,Otilia Recio,2536.8
3469,Sucursal 3469,Cáceres,Albino Adadia,6533.89
3472,Sucursal 3472,Cuenca,Aránzazu Galan,1789.15
3474,Sucursal 3474,Lleida,Ariadna Barriga,2258.72
3475,Sucursal 3475,Asturias,Aurelio Pujol,3655.9
3478,Sucursal 3478,Las Palmas,Iván Viñas,2656.39
3479,Sucursal 3479,Vizcaya,Inocencio Falcón,10114.470000000001
3481,Sucursal 3481,Tarragona,Epifanio Dueñas,3551.95
3485,Sucursal 3485,Soria,Cristian Elías,6109.1
3488,Sucursal 3488,Segovia,Ciro Vives,4849.57
3494,Sucursal 3494,Toledo,Elvira Lluch,1915.82
3496,Sucursal 3496,Murcia,María Cristina Poza,3538.96
3500,Sucursal 3500,Pontevedra,Angelino Amigó,7477.85
3504,Sucursal 3504,Castellón,Danilo Llopis,6581.76
3511,Sucursal 3511,Toledo,Alfredo Cabeza,2361.03
3512,Sucursal 3512,Álava,Purificación Coello,2218.79
3516,Sucursal 3516,Segovia,Albino Armas,5251.26
3524,Sucursal 3524,Pontevedra,Guiomar Carro,1617.24
3535,Sucursal 3535,Toledo,Consuela Lasa,7244.34
3538,Sucursal 3538,Lugo,Sandra Roman,4403.91
3552,Sucursal 3552,Murcia,Eloísa Marin,7874.16
3554,Sucursal 3554,Málaga,Marita Gonzalez,4052.44
3557,Sucursal 3557,Córdoba,María Del Carmen Palmer,1403.48
3562,Sucursal 3562,Pontevedra,Fanny Solé,7250.66
3578,Sucursal 3578,Toledo,Artemio Cuadrado,7621.01
3586,Sucursal 3586,Huesca,Rita Galiano,4041.28
3587,Sucursal 3587,Salamanca,Juan Luis Matas,5444.92
3589,Sucursal 3589,Pontevedra,Tiburcio Sosa,1164.63
3596,Sucursal 3596,Castellón,Amalia Gibert,4001.82
3597,Sucursal 3597,Girona,Maximino Reina,6421.08
3598,Sucursal 3598,Ávila,Mariano Garmendia,6731.39
3607,Sucursal 3607,Almería,Roldán Serrano,4381.36
3617,Sucursal 3617,Valladolid,María Pilar Boix,3946.06
3620,Sucursal 3620,Teruel,Marisela Herrera,7999.08
3626,Sucursal 3626,Cádiz,Jaime Cuadrado,1449.48
3627,Sucursal 3627,Toledo,Jose Ramón Ortiz,2457.79
3635,Sucursal 3635,La Rioja,Agustín Manzano,2155.58
3640,Sucursal 3640,Vizcaya,Aurelia Solera,6888.08
3653,Sucursal 3653,Ávila,Matilde Cerro,1122.14
3656,Sucursal 3656,La Rioja,Amarilis Palacio,5812.51
3663,Sucursal 3663,Navarra,Rómulo Morales,6730.5
3669,Sucursal 3669,Burgos,Manuela Cañas,3516.19
3673,Sucursal 3673,Murcia,Bernarda Sebastián,7800.75
3681,Sucursal 3681,Almería,Óscar Palomares,3007.03
3682,Sucursal 3682,Álava,Guiomar Tamayo,7420.74
3697,Sucursal 3697,La Rioja,Vito Escolano,1318.5
3698,Sucursal 3698,Jaén,Maricela Menéndez,5336.69
3700,Sucursal 3700,Cantabria,Felipa García,801.57
3709,Sucursal 3709,Barcelona,Gabriela Gelabert,3856.96
3717,Sucursal 3717,Alicante,Víctor Aragonés,7200.09
3722,Sucursal 3722,Asturias,Encarnita Caparrós,6620.08
3726,Sucursal 3726,Cádiz,Clarisa Riera,2694.24
3731,Sucursal 3731,Valladolid,Merche Palomar,2997.69
3738,Sucursal 3738,Sevilla,Ismael Cortes,3301.57
3740,Sucursal 3740,Cáceres,Hilda Girón,4207.67
3741,Sucursal 3741,Zamora,Gerardo Roca,3807.15
3756,Sucursal 3756,Albacete,Clara Arenas,1455.04
3758,Sucursal 3758,Huesca,Ema Ros,6456.25
3759,Sucursal 3759,Burgos,Eleuterio Ramos,5243.48
3760,Sucursal 3760,Girona,Jose Ramón Perez,2276.96
3761,Sucursal 3761,Cuenca,Almudena Arana,5752.51
3767,Sucursal 3767,Ceuta,Adelia Barragán,4751.98
3769,Sucursal 3769,Palencia,Loreto Melero,1463.09
3780,Sucursal 3780,Melilla,Caridad Gimenez,8240.029999999999
3782,Sucursal 3782,Alicante,Adalberto Cózar,1307.76
3786,Sucursal 3786,Albacete,Ramiro Zamora,2853.56
3794,Sucursal 3794,Vizcaya,Eligia Garzón,977.48
3795,Sucursal 3795,Valencia,Esther Cazorla,3159.37
3804,Sucursal 3804,Baleares,Inmaculada Alberdi,5651.41
3807,Sucursal 3807,Teruel,Kike Salvà,3290.24
3808,Sucursal 3808,Badajoz,Antonio Carbajo,5122.82
3824,Sucursal 3824,Alicante,Pepe Losada,3794.94
3826,Sucursal 3826,Baleares,Jordán Isern,5090.36
3834,Sucursal 3834,Santa Cruz de Tenerife,Odalis Cañellas,3257.13
3844,Sucursal 3844,Lleida,Cristian Ramos,5446.48
3848,Sucursal 3848,Tarragona,Ezequiel Ferrera,4701.71
3854,Sucursal 3854,Las Palmas,Adelina Sans,4030.8
3857,Sucursal 3857,Ceuta,Dolores Beltrán,1462.33
3862,Sucursal 3862,Murcia,Marisa Roman,3553.21
3872,Sucursal 3872,Guadalajara,Glauco Prieto,5566.88
3875,Sucursal 3875,Vizcaya,Duilio Royo,5397.71
3880,Sucursal 3880,Burgos,Manu Otero,7493.95
3881,Sucursal 3881,Madrid,Nicolás Calderón,3604.48
3887,Sucursal 3887,Barcelona,Sebastián Guardia,2002.92
3900,Sucursal 3900,Soria,Guadalupe Ortuño,3294.44
3901,Sucursal 3901,Asturias,Nélida Fiol,3073.79
3903,Sucursal 3903,Ourense,Rogelio Saldaña,7373.98
3908,Sucursal 3908,Badajoz,Leticia Chaves,2443.76
3924,Sucursal 3924,Jaén,Estrella Arjona,6109.83
3928,Sucursal 3928,Zaragoza,Macario Navarro,2541.53
3933,Sucursal 3933,Asturias,Sofía Arce,4525.04
3936,Sucursal 3936,Huesca,Fernanda Jódar,3286.83
3941,Sucursal 3941,Lleida,Anabel Saura,2897.44
3943,Sucursal 3943,Cuenca,Dominga Portero,2131.55
3944,Sucursal 3944,Lleida,Josefa Puig,7868.07
3945,Sucursal 3945,Huesca,Tomás Flor,4003.91
3947,Sucursal 3947,Teruel,Pascual Escamilla,2159.35
3951,Sucursal 3951,Santa Cruz de Tenerife,Pía Peinado,1045.26
3957,Sucursal 3957,Ciudad,Rafa Estévez,3835.67
3983,Sucursal 3983,Almería,Victor Fuentes,6151.96
3984,Sucursal 3984,Ourense,Jordán Cabrera,6174.76
3986,Sucursal 3986,Zamora,Seve Jaén,6919.24
3987,Sucursal 3987,Las Palmas,Cándido Andres,7229.01
4001,Sucursal 4001,Navarra,Hector Córdoba,3207.2
4004,Sucursal 4004,Valladolid,Loida Pérez,1930.33
4008,Sucursal 4008,La Rioja,René Fuente,7706.92
4009,Sucursal 4009,Pontevedra,Custodio Aguiló,978.01
4010,Sucursal 4010,Huesca,Eloísa Jover,6920.44
4016,Sucursal 4016,Jaén,Leopoldo Marcos,4359.17
4017,Sucursal 4017,Valencia,Clímaco Mateu,2323.41
4020,Sucursal 4020,Teruel,Carolina Ricart,3265.08
4023,Sucursal 4023,Madrid,Santiago Prado,2015.09
4024,Sucursal 4024,Cuenca,Balduino Peinado,805.56
4034,Sucursal 4034,Lleida,Mayte Monreal,2127.34
4035,Sucursal 4035,Baleares,Bernardino Guzmán,2656.11
4053,Sucursal 4053,León,Florentino Fernández,5369.45
4054,Sucursal 4054,Cáceres,Hortensia Vicens,1547.28
4057,Sucursal 4057,Asturias,Herminio Cortes,3022.16
4060,Sucursal 4060,Lleida,Germán Cabrera,4811.35
4064,Sucursal 4064,Girona,Etelvina Arteaga,1461.02
4065,Sucursal 4065,Castellón,Edelmiro Benavides,8229.85
4066,Sucursal 4066,Salamanca,Albert Oller,13967.130000000001
4076,Sucursal 4076,Santa Cruz de Tenerife,Hilario Sabater,9475.6
4086,Sucursal 4086,Las Palmas,Rosalva Vila,12579.720000000001
4089,Sucursal 4089,Huesca,Clementina Maestre,5523.8
4093,Sucursal 4093,Murcia,Emilio Barrio,2016.54
4095,Sucursal 4095,Melilla,Alma Matas,5162.03
4101,Sucursal 4101,Guipúzcoa,José Ángel Figueroa,7146.99
4104,Sucursal 4104,Cantabria,Marcelo Torres,12930.939999999999
4113,Sucursal 4113,Castellón,Josefa Uría,1485.28
4120,Sucursal 4120,Lleida,Brígida Roura,990.32
4121,Sucursal 4121,Valencia,Abel Yáñez,6911.53
4122,Sucursal 4122,Almería,Soraya Arnau,5908.38
4124,Sucursal 4124,Soria,Juliana Montserrat,11352.9
4129,Sucursal 4129,Segovia,Valentín Nicolau,5212.9
4130,Sucursal 4130,Jaén,Paulino Villalobos,2058.39
4134,Sucursal 4134,Las Palmas,Alicia Cabello,1370.31
4144,Sucursal 4144,Sevilla,Alicia Carretero,11348.03
4148,Sucursal 4148,Tarragona,Yéssica Feijoo,8283.91
4157,Sucursal 4157,Córdoba,Chus Somoza,5825.37
4160,Sucursal 4160,Barcelona,Isaac Díaz,5962.51
4162,Sucursal 4162,Salamanca,Rosario Palomares,2866.95
4166,Sucursal 4166,Palencia,Rafaela Cepeda,7076.0
4168,Sucursal 4168,Girona,Juan Luis Jara,3316.28
4182,Sucursal 4182,Lleida,Tito Barón,4697.35
4184,Sucursal 4184,Jaén,Haydée Plana,4281.59
4191,Sucursal 4191,Palencia,Encarnación Sanmartín,4893.92
4194,Sucursal 4194,Cáceres,Leticia Valero,6738.89
4195,Sucursal 4195,Alicante,Ruth Sanjuan,4007.46
4202,Sucursal 4202,Almería,Eulalia Gordillo,4183.58
4203,Sucursal 4203,Asturias,Loida Grande,1176.61
4212,Sucursal 4212,Pontevedra,Mariana Gonzalo,1315.81
4221,Sucursal 4221,Álava,Renato Bautista,1791.21
4230,Sucursal 4230,Madrid,Lorena Beltran,6488.16
4244,Sucursal 4244,Badajoz,Leopoldo Llorens,5712.86
4265,Sucursal 4265,Guadalajara,Anunciación Oller,5569.36
4268,Sucursal 4268,Córdoba,Cleto Aramburu,2092.15
4272,Sucursal 4272,Murcia,Lidia Arco,1097.91
4298,Sucursal 4298,Lugo,Emma Acedo,7263.82
4304,Sucursal 4304,Las Palmas,María Del Carmen Berenguer,6070.61
4308,Sucursal 4308,Zamora,Heriberto Haro,6986.09
4331,Sucursal 4331,Madrid,Luis Ángel Ramírez,1489.88
4335,Sucursal 4335,Valladolid,Dalila Moll,6284.9
4345,Sucursal 4345,León,Vicente Baena,3700.17
4353,Sucursal 4353,Huelva,Plácido Mariscal,2553.86
4365,Sucursal 4365,Burgos,Violeta Beltran,7196.55
4367,Sucursal 4367,Ávila,Josefa Armengol,11529.86
4379,Sucursal 4379,Albacete,Juanita Riquelme,6771.08
4381,Sucursal 4381,Vizcaya,Candelaria Blasco,7773.8
4395,Sucursal 4395,Asturias,Luciano Castrillo,11300.630000000001
4399,Sucursal 4399,Soria,Eloy Macias,4500.41
4401,Sucursal 4401,Ourense,Antonia Llorens,2791.69
4408,Sucursal 4408,Girona,Eusebia Villalobos,7529.85
4409,Sucursal 4409,Guadalajara,Valero Cadenas,1004.58
4410,Sucursal 4410,Cádiz,Ale Jover,3194.88
4415,Sucursal 4415,Alicante,Olalla Jaén,5100.84
4416,Sucursal 4416,Melilla,Agapito Saldaña,2591.23
4418,Sucursal 4418,Lugo,Francisca Valbuena,1926.36
4419,Sucursal 4419,Navarra,Maribel Lara,5068.62
4432,Sucursal 4432,La Rioja,Andrea Vila,1110.99
4435,Sucursal 4435,La Rioja,Carlito Gutierrez,10493.6
4444,Sucursal 4444,Baleares,Etelvina Ribera,4724.7
4447,Sucursal 4447,Badajoz,Rosalina Andrade,5908.15
4449,Sucursal 4449,La Coruña,Inmaculada Buendía,2239.46
4460,Sucursal 4460,Segovia,Efraín Morata,2821.98
4469,Sucursal 4469,Almería,Glauco Fabregat,3596.12
4480,Sucursal 4480,Cantabria,Ezequiel Pallarès,2033.42
4487,Sucursal 4487,Asturias,Nerea Muñoz,4638.24
4488,Sucursal 4488,Ávila,Merche Escrivá,6761.91
4491,Sucursal 4491,Salamanca,Pánfilo Mendizábal,5731.91
4495,Sucursal 4495,Valencia,Claudia Zabala,7753.93
4497,Sucursal 4497,Pontevedra,Jessica Patiño,1770.0
4505,Sucursal 4505,Cuenca,Emiliana Galan,3826.28
4511,Sucursal 4511,Cádiz,Ricarda Bello,5907.77
4516,Sucursal 4516,Lleida,Aitana Real,7696.61
4517,Sucursal 4517,Soria,Plinio Nevado,5982.27
4529,Sucursal 4529,Granada,Camilo Parejo,1747.31
4537,Sucursal 4537,Baleares,Cruz Cid,7062.1
4541,Sucursal 4541,Ciudad,Tiburcio Echeverría,5507.26
4544,Sucursal 4544,Guadalajara,María Cristina Montesinos,4365.89
4551,Sucursal 4551,Valencia,Almudena Plaza,820.26
4552,Sucursal 4552,Melilla,Vito Alemany,7416.22
4554,Sucursal 4554,Cádiz,Jacinta Pla,7740.58
4564,Sucursal 4564,Lugo,Plinio Pino,1463.36
4571,Sucursal 4571,Huesca,Fátima Espada,3961.68
4572,Sucursal 4572,Madrid,Elba Teruel,3828.53
4576,Sucursal 4576,Cuenca,Candelas Falcón,2491.48
4578,Sucursal 4578,Zaragoza,Aureliano Alonso,11429.68
4581,Sucursal 4581,Baleares,Severino Corral,4592.2
4583,Sucursal 4583,Zamora,Ximena Cabeza,7254.01
4585,Sucursal 4585,Lugo,Agustina Andreu,2458.64
4590,Sucursal 4590,Zaragoza,Estrella Osuna,7284.48
4606,Sucursal 4606,Girona,Leonor Menéndez,2113.37
4617,Sucursal 4617,Granada,Catalina Sans,4592.91
4618,Sucursal 4618,Ourense,Roberto Machado,4702.06
4638,Sucursal 4638,Albacete,Bernabé Badía,7301.0
4645,Sucursal 4645,Zamora,Primitivo Carballo,6248.93
4653,Sucursal 4653,Ciudad,Perlita Benet,8702.71
4654,Sucursal 4654,Burgos,Lorena Saldaña,1380.97
4657,Sucursal 4657,Badajoz,Tristán Rueda,2647.84
4661,Sucursal 4661,Asturias,Corona Cordero,5723.21
4664,Sucursal 4664,Toledo,Modesta Leon,4245.49
4668,Sucursal 4668,León,Juliana Castrillo,3804.38
4672,Sucursal 4672,Huesca,Bibiana Bueno,1748.3
4683,Sucursal 4683,Álava,Laura Garmendia,3180.0
4687,Sucursal 4687,Las Palmas,Regina Torralba,3230.98
4693,Sucursal 4693,Jaén,Aurelia Alemany,1477.22
4694,Sucursal 4694,Vizcaya,Florentino Cañete,6529.91
4697,Sucursal 4697,Huesca,Alfonso Segura,7535.77
4700,Sucursal 4700,Santa Cruz de Tenerife,Leopoldo Alemany,4743.87
4707,Sucursal 4707,La Coruña,Geraldo Mascaró,2351.33
4710,Sucursal 4710,La Coruña,Aroa Olmo,978.46
4726,Sucursal 4726,Tarragona,Miguel Iniesta,1234.49
4730,Sucursal 4730,Segovia,Lupita Catalá,5115.8
4733,Sucursal 4733,Murcia,Pelayo Figueras,6160.61
4741,Sucursal 4741,Guipúzcoa,Juan Bautista Cabañas,1466.01
4745,Sucursal 4745,Castellón,Humberto Cortés,3629.65
4746,Sucursal 4746,Guadalajara,Graciana Jimenez,5224.75
4748,Sucursal 4748,Ourense,Salomé Rocamora,7160.41
4755,Sucursal 4755,Lleida,Jose Ramón Moya,2312.68
4769,Sucursal 4769,Albacete,Norberto Mateo,10988.56
4773,Sucursal 4773,Pontevedra,Mar Giralt,1559.53
4776,Sucursal 4776,León,Loreto Carballo,6883.79
4777,Sucursal 4777,Cantabria,Vidal Ferrer,1652.74
4778,Sucursal 4778,Cáceres,Raimundo Cueto,956.41
4783,Sucursal 4783,Ciudad,Ismael Rocha,6293.51
4788,Sucursal 4788,Valencia,Patricia Acevedo,5462.0
4789,Sucursal 4789,Ourense,Rolando Gomis,3633.93
4798,Sucursal 4798,La Rioja,Amarilis Sabater,4294.92
4799,Sucursal 4799,Santa Cruz de Tenerife,Jesús Gilabert,5907.26
4800,Sucursal 4800,Guadalajara,Ani Nevado,7324.6
4806,Sucursal 4806,Burgos,Lucila Martorell,4693.56
4832,Sucursal 4832,La Rioja,Maxi Mosquera,4996.86
4837,Sucursal 4837,La Rioja,Godofredo Nebot,2094.64
4847,Sucursal 4847,Barcelona,Iván Segovia,5183.68
4852,Sucursal 4852,Barcelona,Alba Uría,5187.52
4853,Sucursal 4853,Valencia,Iker Moreno,7278.56
4858,Sucursal 4858,Granada,Estela Manso,1397.17
4860,Sucursal 4860,Álava,Evelia Lobo,2994.6
4861,Sucursal 4861,Sevilla,Ruy Morell,5114.18
4863,Sucursal 4863,Melilla,Blas Ariza,3374.41
4867,Sucursal 4867,Badajoz,Ariadna Acevedo,7468.67
4870,Sucursal 4870,Segovia,Rosario Casals,4875.02
4890,Sucursal 4890,Toledo,Mauricio Riera,5806.71
4896,Sucursal 4896,Ceuta,Felicidad Amador,7379.8
4897,Sucursal 4897,Girona,Juan Carlos Hervia,3750.2
4903,Sucursal 4903,Cuenca,Jerónimo Cabrera,3041.04
4905,Sucursal 4905,Pontevedra,Leonel Peral,7764.46
4909,Sucursal 4909,Ourense,Lourdes Navarrete,4548.0
4912,Sucursal 4912,Zamora,Ainoa Canals,6272.11
4913,Sucursal 4913,Sevilla,Guadalupe Robles,1446.23
4914,Sucursal 4914,Ciudad,Jonatan Armas,2116.79
4933,Sucursal 4933,Soria,Pascual Peñalver,5440.9
4936,Sucursal 4936,León,Eustaquio Llorente,2999.15
4938,Sucursal 4938,Ourense,Francisco Barceló,1921.2
4940,Sucursal 4940,Valladolid,Luciano Galván,2052.67
4954,Sucursal 4954,Sevilla,Roberto Gelabert,2261.83
4959,Sucursal 4959,Madrid,Eutimio Valenzuela,2212.99
4965,Sucursal 4965,Málaga,Ulises Cánovas,7258.77
4966,Sucursal 4966,Barcelona,Ramiro Tejedor,2431.19
4972,Sucursal 4972,Tarragona,Marcelo Oliver,5786.56
4974,Sucursal 4974,Cádiz,Elena Gelabert,5054.72
4975,Sucursal 4975,Madrid,Carla Manzanares,9649.119999999999
4978,Sucursal 4978,Teruel,Omar Caballero,7377.23
4979,Sucursal 4979,Santa Cruz de Tenerife,Rufina Machado,6598.25
4990,Sucursal 4990,Sevilla,Francisco Oliver,4330.58
4992,Sucursal 4992,Granada,Florina Prat,1013.3
4998,Sucursal 4998,Las Palmas,Juan Francisco Mínguez,5527.09
4999,Sucursal 4999,Melilla,Azeneth Sevillano,4676.02
5010,Sucursal 5010,La Rioja,Anna Dominguez,3361.13
5013,Sucursal 5013,Almería,Dalila Cardona,3500.98
5015,Sucursal 5015,Zaragoza,Juan Antonio Salas,2335.43
5017,Sucursal 5017,Soria,Paula Garriga,3767.91
5018,Sucursal 5018,Ceuta,Verónica Ferrando,6730.74
5020,Sucursal 5020,Guipúzcoa,Cruz Carbonell,1287.36
5021,Sucursal 5021,Cantabria,Dionisia Agustín,1439.44
5024,Sucursal 5024,Melilla,Mireia Cifuentes,6512.4
5041,Sucursal 5041,Madrid,Sancho Bou,3573.82
5045,Sucursal 5045,Valencia,Isidora Serna,6321.72
5057,Sucursal 5057,Valencia,Esmeralda Sevilla,6698.28
5058,Sucursal 5058,Lleida,Coral Belmonte,1637.88
5061,Sucursal 5061,Álava,Nayara Huguet,1091.42
5063,Sucursal 5063,Lleida,Ascensión Ferrera,5637.61
5071,Sucursal 5071,Huesca,Marianela Tolosa,3253.12
5073,Sucursal 5073,Ourense,Evaristo Carvajal,6560.11
5075,Sucursal 5075,Zaragoza,Olivia Olivares,3383.73
5076,Sucursal 5076,Pontevedra,Calixto Flor,6386.86
5077,Sucursal 5077,Zamora,Malena Lopez,838.21
5092,Sucursal 5092,Jaén,Josué Terrón,2840.53
5095,Sucursal 5095,Valladolid,Eladio Arana,5580.27
5099,Sucursal 5099,Albacete,Albino Almagro,7193.299999999999
5110,Sucursal 5110,Toledo,Delfina Lara,6172.5
5111,Sucursal 5111,Málaga,Gerardo Juan,2830.89
5115,Sucursal 5115,Valladolid,Arcelia Barral,7831.61
5116,Sucursal 5116,Santa Cruz de Tenerife,Julieta Calvo,7219.76
5123,Sucursal 5123,Madrid,Rosalina Tena,4203.36
5132,Sucursal 5132,Salamanca,Cosme Checa,4013.07
5135,Sucursal 5135,Salamanca,Claudio Carbonell,4474.61
5136,Sucursal 5136,Albacete,Josep Cerdán,6492.67
5144,Sucursal 5144,Melilla,Josefa Tamarit,6267.85
5145,Sucursal 5145,Vizcaya,Lilia Mulet,3384.33
5150,Sucursal 5150,Cuenca,Leonardo Hierro,3559.42
5152,Sucursal 5152,Sevilla,Narciso Alberola,2667.45
5154,Sucursal 5154,Barcelona,Javi Roda,3107.45
5155,Sucursal 5155,Burgos,Elena Román,7947.5
5158,Sucursal 5158,Ávila,Mariana Roura,6651.77
5169,Sucursal 5169,Vizcaya,Angelino Silva,5330.23
5172,Sucursal 5172,Cáceres,Ágata Cases,7359.53
5174,Sucursal 5174,Zamora,Pili Caro,3049.02
5176,Sucursal 5176,Alicante,Obdulia Lozano,7138.42
5178,Sucursal 5178,Cuenca,Domitila Gelabert,6330.85
5181,Sucursal 5181,Tarragona,Abril Malo,1201.77
5188,Sucursal 5188,Cádiz,Otilia Téllez,2757.85
5195,Sucursal 5195,Granada,Régulo Robledo,2008.22
5200,Sucursal 5200,Castellón,Armando Osuna,6771.84
5204,Sucursal 5204,Soria,Pepito Pinilla,983.23
5205,Sucursal 5205,Zamora,Almudena Peláez,6846.64
5206,Sucursal 5206,Cádiz,Leandra Bueno,9677.02
5221,Sucursal 5221,Guipúzcoa,José Mari Barriga,5614.14
5225,Sucursal 5225,La Rioja,Amado Jimenez,5430.67
5228,Sucursal 5228,Madrid,Nazaret Botella,3727.2
5229,Sucursal 5229,Segovia,María Belén Pla,839.68
5241,Sucursal 5241,Baleares,Calixta Prat,7647.85
5242,Sucursal 5242,Álava,África Carretero,6336.99
5245,Sucursal 5245,Toledo,Maite Fuente,4108.37
5249,Sucursal 5249,Cuenca,Begoña Pera,15372.630000000001
5255,Sucursal 5255,Murcia,Juliana Cueto,6505.49
5256,Sucursal 5256,Pontevedra,Reina Salgado,893.9
5262,Sucursal 5262,Guadalajara,Pepito Sedano,8973.24
5273,Sucursal 5273,Santa Cruz de Tenerife,Lisandro Planas,6574.81
5286,Sucursal 5286,Toledo,Amarilis Durán,2176.18
5290,Sucursal 5290,Segovia,Oriana Zabala,5129.82
5293,Sucursal 5293,Palencia,Gastón Casanova,1311.96
5299,Sucursal 5299,Burgos,María Pilar Berenguer,5381.3
5300,Sucursal 5300,Córdoba,Marisa Pozuelo,6324.02
5302,Sucursal 5302,Las Palmas,Macaria Garriga,3874.53
5311,Sucursal 5311,Burgos,Máximo Agustí,7648.53
5314,Sucursal 5314,Cuenca,Alexandra Ferrández,5668.17
5330,Sucursal 5330,Castellón,Azahara Rosselló,3446.11
5334,Sucursal 5334,Badajoz,Carlos Cañizares,7121.33
5337,Sucursal 5337,Jaén,María Del Carmen Serra,12719.34
5342,Sucursal 5342,Córdoba,Ester Barranco,4166.1
5344,Sucursal 5344,Barcelona,Gerónimo Calderon,6903.19
5345,Sucursal 5345,Navarra,Cristóbal Tovar,7242.06
5346,Sucursal 5346,Zaragoza,Etelvina Salvador,3775.58
5347,Sucursal 5347,Sevilla,Leonardo Sans,1787.2
5355,Sucursal 5355,Zamora,Maximiano Bou,3935.9700000000003
5357,Sucursal 5357,Melilla,Norberto Checa,3171.56
5359,Sucursal 5359,Badajoz,Carla Téllez,1894.34
5367,Sucursal 5367,León,Nieves Grau,4632.1
5369,Sucursal 5369,Sevilla,Sergio Quesada,2396.99
5370,Sucursal 5370,Jaén,Teresa Ferrández,4275.69
5371,Sucursal 5371,Almería,Zoraida Cortés,2091.13
5375,Sucursal 5375,Córdoba,Herberto Perez,3647.37
5379,Sucursal 5379,Granada,Socorro Barriga,3876.67
5380,Sucursal 5380,Cuenca,Édgar Malo,1252.33
5381,Sucursal 5381,Málaga,Jennifer Salazar,4527.9
5382,Sucursal 5382,Santa Cruz de Tenerife,Calisto Lasa,7662.5
5384,Sucursal 5384,Guadalajara,Manola Mascaró,1305.83
5391,Sucursal 5391,Madrid,Eloy Baena,7052.76
5393,Sucursal 5393,Castellón,Felipe Paredes,9306.029999999999
5399,Sucursal 5399,Asturias,Magdalena Arana,12448.27
5406,Sucursal 5406,Tarragona,Violeta Gomila,6416.46
5407,Sucursal 5407,Teruel,Sara Lara,2335.31
5412,Sucursal 5412,Córdoba,Florentina Nieto,6752.63
5414,Sucursal 5414,Madrid,Jessica Alvarez,13793.11
5430,Sucursal 5430,Alicante,Clarisa Molins,1918.4
5431,Sucursal 5431,Murcia,Emiliana Téllez,7275.36
5433,Sucursal 5433,Lleida,Rosalina Gisbert,5030.43
5438,Sucursal 5438,La Coruña,Emiliana Pacheco,8302.220000000001
5449,Sucursal 5449,Córdoba,Evelia Castillo,3755.62
5459,Sucursal 5459,Cádiz,Emilia Bernad,3392.8
5461,Sucursal 5461,Valladolid,Martirio Ojeda,853.13
5467,Sucursal 5467,Girona,Jose Angel Álamo,5021.35
5476,Sucursal 5476,Segovia,Noa Villalonga,3729.98
5480,Sucursal 5480,La Coruña,Marcia Higueras,5222.92
5481,Sucursal 5481,Tarragona,Genoveva Rodriguez,1253.63
5485,Sucursal 5485,Sevilla,Feliciana Moreno,1123.03
5491,Sucursal 5491,Soria,Miguela Correa,6382.83
5493,Sucursal 5493,Baleares,Gervasio Camino,1828.66
5538,Sucursal 5538,Barcelona,Nico Cifuentes,4243.92
5550,Sucursal 5550,Navarra,Bernarda Huguet,7786.28
5551,Sucursal 5551,Navarra,Margarita Viana,9011.1
5555,Sucursal 5555,Navarra,Urbano Rovira,3646.15
5556,Sucursal 5556,Tarragona,Yaiza Malo,3651.02
5557,Sucursal 5557,Albacete,Maite Ortiz,3401.51
5559,Sucursal 5559,La Coruña,Leocadia Armas,5962.84
5560,Sucursal 5560,Cantabria,Nilo Miralles,6918.95
5573,Sucursal 5573,Castellón,Fortunato Casares,1580.69
5587,Sucursal 5587,Barcelona,Evaristo Valbuena,3917.78
5588,Sucursal 5588,Ourense,Tomás Donaire,4081.29
5590,Sucursal 5590,Albacete,Sancho Sureda,3265.5
5597,Sucursal 5597,Castellón,Joaquina Armengol,7159.34
5602,Sucursal 5602,Álava,Fabricio Diez,1015.13
5604,Sucursal 5604,Guadalajara,Cornelio Arregui,3524.13
5615,Sucursal 5615,Málaga,Sofía Sacristán,4676.48
5616,Sucursal 5616,Badajoz,Chus Pomares,2619.33
5619,Sucursal 5619,Ceuta,Sonia Melero,7040.87
5623,Sucursal 5623,Cáceres,Ceferino Ortiz,7775.76
5626,Sucursal 5626,Granada,Rico Daza,7611.33
5639,Sucursal 5639,Álava,Florencia Álamo,5971.8
5643,Sucursal 5643,Almería,Ceferino Ortiz,6822.74
5646,Sucursal 5646,Baleares,Renata Garcés,3272.78
5651,Sucursal 5651,Tarragona,Severino Font,7993.96
5656,Sucursal 5656,Guadalajara,Bonifacio Pedraza,1272.46
5665,Sucursal 5665,Burgos,María Manuela Manzano,4070.37
5667,Sucursal 5667,Baleares,Graciano Reyes,5379.38
5671,Sucursal 5671,Ciudad,Nazaret Castro,12003.25
5680,Sucursal 5680,Murcia,Luisa Nicolau,11749.619999999999
5686,Sucursal 5686,Teruel,Esperanza Zaragoza,4398.0
5690,Sucursal 5690,Ceuta,Teodora Donaire,4530.58
5692,Sucursal 5692,Lugo,Flavio Pascual,6750.48
5703,Sucursal 5703,Badajoz,Inocencio Toro,11545.279999999999
5719,Sucursal 5719,Cádiz,Pacífica Vazquez,7021.25
5722,Sucursal 5722,Girona,Quique Suárez,1861.28
5725,Sucursal 5725,Badajoz,Donato Lucas,1457.62
5738,Sucursal 5738,Lleida,Macarena Tejero,3623.14
5740,Sucursal 5740,Alicante,Amanda Saldaña,2879.56
5744,Sucursal 5744,Málaga,Blas Boix,6223.42
5747,Sucursal 5747,Vizcaya,Jose Carlos Baró,6938.13
5748,Sucursal 5748,Cantabria,Severino Mendizábal,6995.64
5752,Sucursal 5752,Toledo,Isabel Cáceres,10768.939999999999
5756,Sucursal 5756,Zamora,Epifanio Vicente,9912.369999999999
5767,Sucursal 5767,Ourense,Manola Roldan,6902.98
5768,Sucursal 5768,La Rioja,Iker Valdés,827.6
5780,Sucursal 5780,La Coruña,Silvio Salazar,5085.35
5789,Sucursal 5789,Granada,Alondra Pou,4929.61
5790,Sucursal 5790,Zaragoza,Regina Palomino,10377.220000000001
5793,Sucursal 5793,Soria,Bernardino Rocha,1971.9
5798,Sucursal 5798,Ávila,Vanesa Barberá,7541.65
5806,Sucursal 5806,Toledo,Estefanía Ruano,1219.91
5808,Sucursal 5808,Castellón,Adelia Cerro,5357.08
5813,Sucursal 5813,Melilla,Elisa Palomares,1431.51
5827,Sucursal 5827,Palencia,Adelaida Salmerón,5468.33
5831,Sucursal 5831,Lleida,María Manuela Borrás,3827.59
5836,Sucursal 5836,León,Adelaida Iñiguez,7848.09
5842,Sucursal 5842,Asturias,Guiomar Figueras,2877.83
5845,Sucursal 5845,Huesca,Evelia Bustamante,2220.8
5846,Sucursal 5846,Tarragona,Merche Font,1228.45
5849,Sucursal 5849,Melilla,Dionisia Álvarez,1668.65
5852,Sucursal 5852,Ceuta,Roldán Mercader,6549.07
5859,Sucursal 5859,Málaga,Agapito Rosell,9701.880000000001
5860,Sucursal 5860,Palencia,Emigdio Ochoa,7268.92
5878,Sucursal 5878,Guadalajara,Benito Madrigal,9486.07
5880,Sucursal 5880,Segovia,Valeria Alcalde,6351.62
5881,Sucursal 5881,Ceuta,Andrea Moles,6277.28
5884,Sucursal 5884,Tarragona,Encarnacion Pallarès,5123.52
5887,Sucursal 5887,Cantabria,Andrea Cantero,4093.15
5906,Sucursal 5906,Valencia,Cirino Alberto,2865.93
5910,Sucursal 5910,Melilla,Petrona Saura,4489.88
5915,Sucursal 5915,Teruel,Leandra Iborra,4523.83
5920,Sucursal 5920,Córdoba,Olga Amigó,8161.719999999999
5922,Sucursal 5922,Córdoba,Valentín Echeverría,7689.17
5926,Sucursal 5926,Murcia,Benjamín González,3812.0
5927,Sucursal 5927,Cantabria,Serafina Núñez,1266.05
5932,Sucursal 5932,Almería,Eliseo Macias,930.33
5933,Sucursal 5933,Huesca,Ligia Ruano,1370.83
5934,Sucursal 5934,Salamanca,Santos Barrera,3110.34
5941,Sucursal 5941,Guipúzcoa,Octavio Ledesma,6497.39
5952,Sucursal 5952,Ciudad,Wálter Zabaleta,4464.16
5961,Sucursal 5961,La Rioja,Candelario Rojas,2256.17
5969,Sucursal 5969,Santa Cruz de Tenerife,Isaac Valencia,2250.73
5970,Sucursal 5970,Cantabria,Rafaela Lucena,3849.11
5988,Sucursal 5988,Navarra,Toño Zaragoza,5267.14
5989,Sucursal 5989,Valladolid,Manu Roura,5952.43
5991,Sucursal 5991,Guadalajara,Emiliana Ferrán,846.1
5993,Sucursal 5993,Castellón,Lina Infante,1239.97
5995,Sucursal 5995,Ceuta,Irma Rius,7462.8
6007,Sucursal 6007,Cáceres,Ileana Frutos,4087.81
6010,Sucursal 6010,Álava,Enrique Rivas,4672.63
6023,Sucursal 6023,Baleares,Jose Manuel Girón,3350.09
6024,Sucursal 6024,Guadalajara,Amaya Torrent,5706.19
6030,Sucursal 6030,Burgos,Florentino Rocha,2520.52
6040,Sucursal 6040,Zamora,Cesar Quesada,895.48
6041,Sucursal 6041,Teruel,Aureliano Aguilar,7159.68
6045,Sucursal 6045,Vizcaya,Eutropio Cornejo,4365.4
6051,Sucursal 6051,Zamora,Isabela Valbuena,3895.17
6060,Sucursal 6060,Teruel,Román Bertrán,5596.5
6061,Sucursal 6061,Tarragona,Octavia Losada,7143.6
6067,Sucursal 6067,Guipúzcoa,Olimpia Mendez,7416.66
6068,Sucursal 6068,Guadalajara,Cándida Andrés,5478.17
6072,Sucursal 6072,Cuenca,Leonor Pérez,6482.76
6079,Sucursal 6079,Lugo,Blas Alemany,5528.15
6080,Sucursal 6080,Badajoz,Roberto Boada,6022.86
6089,Sucursal 6089,Ávila,Rosenda Esparza,1631.76
6096,Sucursal 6096,Melilla,Isaura Vergara,7021.88
6098,Sucursal 6098,Castellón,Tania Jover,7984.73
6106,Sucursal 6106,Asturias,Leonel Cuervo,7791.39
6108,Sucursal 6108,Segovia,Fátima Alegria,2764.96
6114,Sucursal 6114,Málaga,María José Llanos,1629.15
6116,Sucursal 6116,Cuenca,José Antonio Borrás,6284.07
6119,Sucursal 6119,Palencia,Eloísa Carro,5382.3
6121,Sucursal 6121,Santa Cruz de Tenerife,Rosalinda Pineda,7274.71
6129,Sucursal 6129,Castellón,Bonifacio Alberto,929.79
6131,Sucursal 6131,Vizcaya,Reyna Fortuny,1928.51
6133,Sucursal 6133,Álava,Josefina Pedraza,5190.77
6140,Sucursal 6140,Zaragoza,Visitación Montenegro,2040.94
6141,Sucursal 6141,Toledo,Josué Peña,1718.41
6144,Sucursal 6144,Teruel,Herberto Suárez,6993.610000000001
6147,Sucursal 6147,Toledo,Coral Macías,1125.76
6155,Sucursal 6155,Lleida,Esperanza Prats,4816.95
6162,Sucursal 6162,Córdoba,Casemiro Llorente,7265.42
6170,Sucursal 6170,Guadalajara,Eloy Bayo,12241.869999999999
6171,Sucursal 6171,Castellón,Glauco Santiago,4233.85
6181,Sucursal 6181,Pontevedra,Gertrudis Barrios,6368.92
6190,Sucursal 6190,Guipúzcoa,Marco Viña,7668.6
6192,Sucursal 6192,Teruel,Laura Elorza,3966.68
6195,Sucursal 6195,Lugo,Atilio Mena,6020.71
6216,Sucursal 6216,Lugo,Wálter Navarrete,4012.44
6223,Sucursal 6223,Vizcaya,Clarisa Barreda,1320.4
6224,Sucursal 6224,Burgos,Valerio Álvaro,2603.73
6226,Sucursal 6226,Valladolid,Gregorio Pedrosa,994.29
6228,Sucursal 6228,Cantabria,Efraín Carretero,1307.77
6233,Sucursal 6233,Zaragoza,Guadalupe Jaume,7669.31
6234,Sucursal 6234,Burgos,Matilde Casares,2856.81
6239,Sucursal 6239,Pontevedra,Santiago Cáceres,3073.87
6249,Sucursal 6249,Almería,Ligia Solé,5116.66
6252,Sucursal 6252,Álava,Iker Márquez,7034.29
6258,Sucursal 6258,Santa Cruz de Tenerife,Salvador Puerta,7326.23
6267,Sucursal 6267,Cantabria,Irene Sevillano,6995.98
6268,Sucursal 6268,Santa Cruz de Tenerife,Carlos Jaume,873.93
6271,Sucursal 6271,Baleares,Jacinto Vazquez,3596.99
6272,Sucursal 6272,Lleida,Juan Escrivá,6583.73
6273,Sucursal 6273,Badajoz,Maxi Marquez,6000.52
6284,Sucursal 6284,Cádiz,Loida Garrido,4210.64
6290,Sucursal 6290,Lugo,Samanta Pol,2523.01
6296,Sucursal 6296,Segovia,Cirino Costa,2808.41
6297,Sucursal 6297,Málaga,Blas Parra,6093.95
6298,Sucursal 6298,Zaragoza,Dulce Goicoechea,930.6
6310,Sucursal 6310,Barcelona,Alfonso Cantón,6548.61
6313,Sucursal 6313,Cáceres,Emiliano Lobato,3879.2
6322,Sucursal 6322,Jaén,María Luisa Falcón,6372.53
6326,Sucursal 6326,Alicante,Fito Bermúdez,2246.99
6337,Sucursal 6337,Alicante,Maximino Valenzuela,1937.9
6338,Sucursal 6338,Ciudad,Guadalupe Cordero,5263.15
6348,Sucursal 6348,Alicante,Leyre Giménez,3174.25
6349,Sucursal 6349,Sevilla,Máximo Molins,5120.42
6352,Sucursal 6352,Palencia,Irene Adán,2911.6
6365,Sucursal 6365,Navarra,Matilde Madrigal,5322.78
6368,Sucursal 6368,Castellón,Ezequiel Caparrós,4826.05
6382,Sucursal 6382,Badajoz,Teresita Ugarte,4489.14
6384,Sucursal 6384,Valencia,Encarnita Girona,2675.63
6385,Sucursal 6385,Ávila,María Dolores Castell,997.04
6387,Sucursal 6387,Badajoz,Marcelo Marco,3051.16
6393,Sucursal 6393,Murcia,Basilio Moreno,5323.13
6397,Sucursal 6397,Ciudad,Obdulia Anglada,3225.4
6406,Sucursal 6406,Soria,Laura Solano,2766.39
6411,Sucursal 6411,Segovia,Nayara Tur,957.98
6413,Sucursal 6413,Cantabria,Custodio Bolaños,3023.3
6422,Sucursal 6422,Cádiz,Ani Fuente,3486.55
6425,Sucursal 6425,Cáceres,Geraldo Batalla,5160.53
6435,Sucursal 6435,Pontevedra,Patricia Sola,1370.69
6436,Sucursal 6436,León,Xavier Comas,11246.939999999999
6437,Sucursal 6437,Vizcaya,César Leon,4579.65
6443,Sucursal 6443,Vizcaya,Gonzalo Porcel,1037.37
6445,Sucursal 6445,Vizcaya,Aristides Berenguer,7999.83
6447,Sucursal 6447,La Coruña,Urbano Martí,4139.49
6454,Sucursal 6454,La Rioja,Flor Pérez,5345.55
6457,Sucursal 6457,Guadalajara,Teo Cañizares,3207.6
6458,Sucursal 6458,La Rioja,Alonso Giner,3923.97
6468,Sucursal 6468,Ciudad,Pelayo Rocha,2166.31
6470,Sucursal 6470,Segovia,Gregorio Múñiz,2230.51
6471,Sucursal 6471,Navarra,David Aznar,7761.92
6477,Sucursal 6477,Valladolid,Baudelio Rios,9865.4
6478,Sucursal 6478,Valencia,Nuria Camacho,6344.48
6483,Sucursal 6483,León,Lucía Reyes,1813.67
6488,Sucursal 6488,Álava,Artemio Caro,12528.279999999999
6490,Sucursal 6490,Valladolid,Samuel Fonseca,5649.74
6494,Sucursal 6494,Badajoz,Viviana Santamaría,7729.53
6497,Sucursal 6497,Guadalajara,Lázaro Cabañas,7425.39
6506,Sucursal 6506,Cáceres,Tristán Avilés,2792.75
6511,Sucursal 6511,Álava,Emilia Folch,2432.04
6519,Sucursal 6519,Asturias,Salomón Matas,5146.12
6523,Sucursal 6523,Alicante,Ruben Fuentes,4942.75
6527,Sucursal 6527,Guipúzcoa,Ovidio Pino,6308.82
6528,Sucursal 6528,Soria,Salomé Urrutia,1672.84
6555,Sucursal 6555,Alicante,Belen Marín,6723.709999999999
6556,Sucursal 6556,Madrid,Gustavo Benavides,4450.44
6558,Sucursal 6558,Las Palmas,Martina Guardiola,4245.89
6559,Sucursal 6559,Córdoba,Consuelo Lara,10080.24
6565,Sucursal 6565,Alicante,Manu Heredia,4912.59
6579,Sucursal 6579,Las Palmas,Milagros Valcárcel,6882.62
6580,Sucursal 6580,Jaén,Cipriano Tamayo,5230.43
6585,Sucursal 6585,Murcia,Marcial Iñiguez,1843.69
6588,Sucursal 6588,Albacete,Rafa Hurtado,11674.55
6591,Sucursal 6591,Albacete,Clímaco Blázquez,7409.32
6593,Sucursal 6593,Valencia,Josué Menendez,5832.7
6596,Sucursal 6596,Badajoz,Albano Cañellas,3848.61
6600,Sucursal 6600,Navarra,Ligia Céspedes,6106.2
6604,Sucursal 6604,Zaragoza,Amparo Pol,1423.37
6608,Sucursal 6608,Valladolid,Susanita Pelayo,3747.64
6609,Sucursal 6609,Asturias,Juan Luis Blanco,6218.72
6616,Sucursal 6616,Cáceres,Eliseo Martín,6561.8
6619,Sucursal 6619,Asturias,Galo Merino,7028.69
6620,Sucursal 6620,Cantabria,Manu Quintero,2928.66
6624,Sucursal 6624,Huesca,Sandra Ordóñez,804.3
6641,Sucursal 6641,Cáceres,Viviana Granados,1166.25
6643,Sucursal 6643,Guadalajara,Ana Gallardo,7138.39
6658,Sucursal 6658,Vizcaya,Amaro Alcalde,3343.87
6659,Sucursal 6659,Asturias,Macaria Balaguer,5075.75
6664,Sucursal 6664,Lleida,Zacarías Carrillo,3421.41
6675,Sucursal 6675,Toledo,Emelina Catalá,6359.59
6677,Sucursal 6677,Madrid,Arsenio Jurado,3151.84
6680,Sucursal 6680,Pontevedra,Rafa Collado,1892.47
6687,Sucursal 6687,Sevilla,Brunilda Riba,4459.71
6688,Sucursal 6688,Santa Cruz de Tenerife,Irma Plana,6584.5
6697,Sucursal 6697,Madrid,Genoveva Cañizares,2239.8
6709,Sucursal 6709,Madrid,Eligio Diaz,1698.67
6711,Sucursal 6711,Asturias,Luis Ángel Corral,1367.93
6714,Sucursal 6714,Lugo,Tania Urrutia,1857.66
6719,Sucursal 6719,Teruel,Ale Beltran,2941.14
6721,Sucursal 6721,Navarra,Dalila Ledesma,7874.63
6723,Sucursal 6723,Navarra,Ángel Alvarado,9879.9
6724,Sucursal 6724,Málaga,Leonardo Sanz,4270.62
6732,Sucursal 6732,Badajoz,Juan Antonio Priego,3254.41
6741,Sucursal 6741,La Coruña,Amalia Ibarra,3912.45
6742,Sucursal 6742,Sevilla,Agustín Reyes,1001.31
6743,Sucursal 6743,Lugo,Gilberto Salom,6158.09
6751,Sucursal 6751,Málaga,Flavia Riera,810.47
6772,Sucursal 6772,La Rioja,Amando Navarro,1252.11
6783,Sucursal 6783,Toledo,Primitiva Bermudez,4606.04
6784,Sucursal 6784,Valladolid,Candelaria Cerdá,6897.23
6785,Sucursal 6785,Alicante,Reinaldo Fortuny,2438.13
6798,Sucursal 6798,Soria,Adalberto Escrivá,5293.179999999999
6803,Sucursal 6803,Madrid,Martín Balaguer,5121.9
6804,Sucursal 6804,Lleida,Bernardo Acuña,7989.8
6806,Sucursal 6806,Ciudad,Dulce Blanes,1277.88
6807,Sucursal 6807,Soria,Flor Sastre,7277.75
6811,Sucursal 6811,Segovia,Zaida Campillo,6046.43
6812,Sucursal 6812,Burgos,Palmira Nicolás,2147.03
6813,Sucursal 6813,Melilla,Fidel Torre,3778.31
6814,Sucursal 6814,Huesca,Juan Sala,6055.25
6825,Sucursal 6825,Vizcaya,Rosa Manrique,4572.93
6826,Sucursal 6826,La Coruña,Anunciación Bosch,5220.01
6828,Sucursal 6828,Santa Cruz de Tenerife,Joaquina Ortuño,1435.44
6833,Sucursal 6833,Navarra,Marcelo Pons,7048.67
6841,Sucursal 6841,Alicante,Pelayo Abellán,5420.71
6854,Sucursal 6854,Ceuta,Marianela Bosch,6405.1
6857,Sucursal 6857,Cantabria,Florentina Román,2664.65
6865,Sucursal 6865,Palencia,Vasco Alberdi,7203.64
6869,Sucursal 6869,Granada,María Vives,1145.25
6875,Sucursal 6875,Pontevedra,Lucas Ortega,5878.45
6876,Sucursal 6876,Álava,Humberto Rivera,7572.5
6888,Sucursal 6888,Salamanca,Vicenta Riquelme,4226.51
6893,Sucursal 6893,Lugo,Lupita Riquelme,5809.67
6898,Sucursal 6898,Cáceres,René Rozas,6195.55
6900,Sucursal 6900,Castellón,Espiridión Toledo,5805.67
6908,Sucursal 6908,Murcia,Griselda Cervera,1211.22
6910,Sucursal 6910,Palencia,Fausto Ayuso,4797.65
6912,Sucursal 6912,Palencia,Fabio Leon,14813.939999999999
6916,Sucursal 6916,Las Palmas,Domingo Tomás,6964.95
6917,Sucursal 6917,Barcelona,Delia Orozco,3658.36
6919,Sucursal 6919,Ceuta,Herminia Jaén,3921.37
6921,Sucursal 6921,Huesca,Paulina Linares,11349.95
6925,Sucursal 6925,Zamora,Teresa Lobo,997.15
6927,Sucursal 6927,Soria,Edelmiro Villa,4130.37
6938,Sucursal 6938,Álava,Claudio Avilés,12174.98
6940,Sucursal 6940,Asturias,Julie Pozuelo,5174.87
6942,Sucursal 6942,Valladolid,Alba Paniagua,5136.67
6945,Sucursal 6945,Badajoz,Francisco Puerta,4335.45
6951,Sucursal 6951,Asturias,Maximino Duarte,13872.22
6952,Sucursal 6952,Cáceres,Calista Jove,7122.67
6961,Sucursal 6961,Burgos,Xiomara Llobet,6804.25
6963,Sucursal 6963,Lugo,Esteban Samper,1378.85
6966,Sucursal 6966,Almería,Patricia Manuel,1106.84
6969,Sucursal 6969,Valladolid,Casandra Ricart,8597.07
6971,Sucursal 6971,Guipúzcoa,Anastasia Heredia,7272.16
6972,Sucursal 6972,Alicante,Estela Sevilla,2875.59
6974,Sucursal 6974,Cádiz,Mamen Llano,1550.47
6978,Sucursal 6978,Ourense,Paulina Nuñez,3006.49
6981,Sucursal 6981,Huelva,Paulino Figuerola,3991.83
6982,Sucursal 6982,Segovia,Maximino Méndez,5221.29
6984,Sucursal 6984,Castellón,Cintia Velázquez,1206.83
6991,Sucursal 6991,Granada,Jordán Losa,3779.63
7019,Sucursal 7019,Burgos,Raúl Cánovas,4075.04
7028,Sucursal 7028,Álava,Abraham Garriga,4163.24
7033,Sucursal 7033,Girona,Íñigo Acero,7570.2
7044,Sucursal 7044,Santa Cruz de Tenerife,Jose Antonio Espada,5829.78
7048,Sucursal 7048,Barcelona,Edelmiro Morillo,2773.34
7052,Sucursal 7052,Salamanca,Guiomar Barriga,6122.24
7055,Sucursal 7055,Badajoz,Priscila Ros,7457.64
7058,Sucursal 7058,Ciudad,Flavia Losa,1237.26
7064,Sucursal 7064,Málaga,Ligia Seco,2139.18
7065,Sucursal 7065,Almería,Luis Miguel Arnau,1347.05
7066,Sucursal 7066,Ávila,Petrona Moraleda,9848.61
7070,Sucursal 7070,Jaén,Hilda Benet,4061.18
7075,Sucursal 7075,Toledo,Eutimio Beltran,4431.25
7082,Sucursal 7082,La Rioja,Olegario Guardiola,3470.88
7085,Sucursal 7085,Pontevedra,Teófilo Nicolás,10936.02
7096,Sucursal 7096,Madrid,Toribio Vizcaíno,2208.3
7097,Sucursal 7097,Albacete,Bautista Acedo,2464.93
7108,Sucursal 7108,Tarragona,Vicente Saez,1924.5
7112,Sucursal 7112,Álava,Tristán Miranda,9555.849999999999
7115,Sucursal 7115,Vizcaya,Nuria Alcántara,7907.74
7117,Sucursal 7117,Cáceres,Felipe Solsona,6849.14
7121,Sucursal 7121,Ourense,Javiera Galán,1525.93
7136,Sucursal 7136,La Rioja,Ciríaco Sanz,6853.26
7150,Sucursal 7150,Santa Cruz de Tenerife,Epifanio Casas,5051.38
7153,Sucursal 7153,Vizcaya,Máxima Jordán,911.11
7159,Sucursal 7159,Valencia,Rubén Lladó,5964.92
7188,Sucursal 7188,Barcelona,Febe Casares,7989.97
7193,Sucursal 7193,Ceuta,Bonifacio Paredes,7524.63
7194,Sucursal 7194,Asturias,Ángela Ramos,5949.15
7197,Sucursal 7197,Girona,Anastasio Nuñez,5849.08
7204,Sucursal 7204,Lugo,Albano Robles,9728.439999999999
7206,Sucursal 7206,Ciudad,Iker Carbonell,5112.7
7214,Sucursal 7214,Ciudad,Arturo Aragón,7443.16
7221,Sucursal 7221,Barcelona,Renata Núñez,6586.98
7225,Sucursal 7225,Palencia,Vicenta Tamarit,6712.91
7227,Sucursal 7227,Salamanca,Filomena Roselló,3058.97
7230,Sucursal 7230,Huesca,Nicanor Heras,3366.63
7231,Sucursal 7231,Toledo,Miguela Marti,4841.71
7234,Sucursal 7234,La Coruña,Néstor Almagro,7756.91
7246,Sucursal 7246,Valencia,Lisandro Dominguez,4567.4
7249,Sucursal 7249,Cádiz,Celestina Mir,2475.03
7254,Sucursal 7254,Ciudad,Narcisa Hoz,11360.24
7266,Sucursal 7266,Huesca,Lucho Villaverde,4138.18
7271,Sucursal 7271,Sevilla,Jose Manuel Pineda,8818.91
7278,Sucursal 7278,Navarra,Imelda Zabala,2699.67
7290,Sucursal 7290,Guipúzcoa,Pacífica Cervantes,5372.7
7295,Sucursal 7295,Badajoz,Olalla Arteaga,834.53
7303,Sucursal 7303,Guadalajara,Reynaldo Saura,1706.75
7307,Sucursal 7307,Valladolid,Camila Falcó,6977.19
7330,Sucursal 7330,Granada,Nazaret Espada,3131.44
7346,Sucursal 7346,Alicante,Dionisio Naranjo,5405.93
7348,Sucursal 7348,Girona,Daniela Leon,6962.76
7362,Sucursal 7362,Alicante,Timoteo Sanmartín,4362.16
7369,Sucursal 7369,Lleida,Javiera Raya,5469.49
7371,Sucursal 7371,Granada,Teresita Grau,1145.56
7375,Sucursal 7375,Ávila,David Álvaro,4685.97
7383,Sucursal 7383,Jaén,Gabriel Ferrer,1264.56
7388,Sucursal 7388,Santa Cruz de Tenerife,Marcio Padilla,5225.36
7392,Sucursal 7392,Madrid,Abril Alvarez,5531.33
7396,Sucursal 7396,Toledo,Martín Portero,3623.7
7408,Sucursal 7408,Tarragona,Rufina Ramón,4147.73
7412,Sucursal 7412,Salamanca,Mohamed Muñoz,4712.18
7415,Sucursal 7415,Albacete,Humberto Asensio,1954.47
7421,Sucursal 7421,Barcelona,Miguela Gallego,1733.32
7424,Sucursal 7424,Granada,Nilda Plana,3625.72
7427,Sucursal 7427,Álava,Valerio Valcárcel,1992.83
7441,Sucursal 7441,Almería,Florencia Ibáñez,4148.3
7444,Sucursal 7444,Guadalajara,Alondra Camps,5306.76
7450,Sucursal 7450,Segovia,Brígida Conesa,2577.18
7456,Sucursal 7456,Málaga,Diana Elías,6564.18
7457,Sucursal 7457,Sevilla,Encarnación Iglesia,4456.48
7459,Sucursal 7459,Cádiz,Luna Sosa,7159.91
7464,Sucursal 7464,Baleares,Óscar Morales,1425.65
7472,Sucursal 7472,Baleares,Alma Mata,8377.7
7479,Sucursal 7479,Cádiz,Lupe Herranz,6364.89
7484,Sucursal 7484,Cuenca,Samu Arrieta,5034.82
7492,Sucursal 7492,Baleares,Eric Serra,2450.08
7494,Sucursal 7494,León,Blas Huertas,1870.67
7501,Sucursal 7501,Vizcaya,Leonel Saez,8446.69
7505,Sucursal 7505,Cádiz,Ismael Farré,4150.67
7508,Sucursal 7508,Ciudad,Jose Angel Soler,6970.28
7513,Sucursal 7513,Vizcaya,Hortensia Santana,4266.25
7515,Sucursal 7515,Barcelona,Mauricio Bravo,1631.07
7525,Sucursal 7525,Toledo,Jaime Hierro,6138.88
7529,Sucursal 7529,Asturias,Ruperto Morillo,5193.48
7531,Sucursal 7531,Barcelona,Maximiliano Luz,5231.15
7533,Sucursal 7533,Burgos,Cirino Hernando,1388.08
7538,Sucursal 7538,Asturias,Fernando Oliver,2469.17
7539,Sucursal 7539,Palencia,Luis Ángel Cabo,2273.95
7540,Sucursal 7540,Girona,Sebastián Pereira,1409.99
7541,Sucursal 7541,Tarragona,Marco Cantero,11758.15
7545,Sucursal 7545,Cáceres,Diana Fuertes,1201.08
7547,Sucursal 7547,Lleida,José Manuel Teruel,5548.94
7555,Sucursal 7555,Barcelona,Dorotea Hierro,5532.58
7560,Sucursal 7560,Valencia,Juan José Arrieta,7979.59
7562,Sucursal 7562,Burgos,Camilo Isern,6291.84
7563,Sucursal 7563,Huelva,Rodolfo Baeza,4977.95
7565,Sucursal 7565,Cádiz,Paz Ibáñez,7026.23
7579,Sucursal 7579,Alicante,Calixta Cervera,4266.26
7581,Sucursal 7581,Madrid,Toni Palau,6531.78
7585,Sucursal 7585,La Coruña,Buenaventura Cabanillas,11815.47
7586,Sucursal 7586,Melilla,María Adadia,6881.96
7594,Sucursal 7594,Melilla,Chus Sáez,3628.12
7597,Sucursal 7597,Huelva,Luis Diaz,5553.24
7600,Sucursal 7600,Cádiz,Dora Valenciano,3978.1
7601,Sucursal 7601,Córdoba,Celso Sanmartín,849.81
7608,Sucursal 7608,Cáceres,Guadalupe Herrero,5307.91
7609,Sucursal 7609,Castellón,Eufemia Buendía,2782.08
7619,Sucursal 7619,Ourense,Ruth Salom,3746.7
7620,Sucursal 7620,La Coruña,Raúl Ordóñez,3291.61
7629,Sucursal 7629,Madrid,Joan Clavero,3917.27
7634,Sucursal 7634,Almería,Lázaro Baquero,3958.43
7638,Sucursal 7638,Sevilla,Eduardo Benítez,6360.530000000001
7643,Sucursal 7643,Burgos,Virginia Cardona,6597.29
7651,Sucursal 7651,Palencia,Heraclio Molins,6479.07
7656,Sucursal 7656,Málaga,Guadalupe Piquer,2878.82
7661,Sucursal 7661,León,Atilio Montoya,1357.03
7670,Sucursal 7670,Jaén,Luisina Castrillo,5427.04
7674,Sucursal 7674,Melilla,Marcial Serra,3898.74
7682,Sucursal 7682,Alicante,Aristides Porcel,4659.43
7685,Sucursal 7685,Valencia,Nydia Cervantes,2664.73
7689,Sucursal 7689,Palencia,Samanta Villanueva,2954.06
7696,Sucursal 7696,Ciudad,Che Alcaraz,2334.42
7699,Sucursal 7699,Sevilla,Curro Corral,4686.78
7700,Sucursal 7700,Soria,Sebastián Andreu,5190.36
7705,Sucursal 7705,La Coruña,Paulina Batalla,2787.51
7708,Sucursal 7708,Jaén,Agapito Ribes,981.05
7709,Sucursal 7709,Sevilla,Odalis Nicolás,3607.11
7717,Sucursal 7717,Cádiz,Flavio Bas,6944.78
7727,Sucursal 7727,Salamanca,Edgardo Perelló,7669.7
7730,Sucursal 7730,Córdoba,Calixto Peñalver,7925.73
7737,Sucursal 7737,Baleares,Adelardo Carpio,4217.78
7742,Sucursal 7742,Castellón,Haydée Prada,3149.44
7743,Sucursal 7743,Cuenca,Marino Rivera,3496.99
7754,Sucursal 7754,Pontevedra,Lino Dueñas,836.1
7765,Sucursal 7765,Barcelona,Adolfo Verdugo,7477.73
7767,Sucursal 7767,Málaga,Horacio Aramburu,6771.69
7785,Sucursal 7785,Asturias,Fortunata Orozco,4693.28
7788,Sucursal 7788,Teruel,Ana Amor,7685.91
7796,Sucursal 7796,Baleares,Florencia Carpio,7503.59
7797,Sucursal 7797,Lugo,Celestina Pedrero,2846.98
7798,Sucursal 7798,Murcia,Rosa Escamilla,2034.32
7803,Sucursal 7803,Navarra,María Jesús Mosquera,5255.76
7814,Sucursal 7814,Castellón,Emiliano Fernández,6920.63
7826,Sucursal 7826,Madrid,Manu Gallardo,5148.17
7828,Sucursal 7828,La Coruña,Violeta Bayo,2305.47
7833,Sucursal 7833,Valencia,Judith Priego,4889.05
7858,Sucursal 7858,Burgos,Josefina Donaire,4472.45
7873,Sucursal 7873,Valencia,Remigio Melero,5934.95
7881,Sucursal 7881,Segovia,Victoriano Valera,3810.96
7888,Sucursal 7888,Santa Cruz de Tenerife,Octavia Roda,6540.76
7895,Sucursal 7895,Vizcaya,Angelino Blazquez,2821.83
7896,Sucursal 7896,Vizcaya,Amando Agudo,2992.61
7898,Sucursal 7898,Valladolid,Seve Tejedor,1232.9
7899,Sucursal 7899,Guipúzcoa,Asdrubal Correa,6223.21
7901,Sucursal 7901,Vizcaya,Samanta Ferrán,9625.45
7905,Sucursal 7905,Ávila,Ignacio Pera,2471.56
7911,Sucursal 7911,Ciudad,Iván Bosch,4978.87
7916,Sucursal 7916,Vizcaya,Susana Zorrilla,6934.86
7918,Sucursal 7918,La Coruña,Édgar Suárez,7132.23
7926,Sucursal 7926,Huesca,Remedios Galvez,9265.470000000001
7930,Sucursal 7930,Lugo,Reina Talavera,3566.7
7947,Sucursal 7947,Asturias,África Galindo,7113.55
7949,Sucursal 7949,Madrid,Jimena Jurado,3828.2
7962,Sucursal 7962,Castellón,Elba Anguita,5607.1
7964,Sucursal 7964,Soria,María Dolores Gras,7342.88
7981,Sucursal 7981,Girona,Blanca Corominas,2092.0699999999997
7986,Sucursal 7986,Baleares,Pepita Cabello,6696.24
7987,Sucursal 7987,Guadalajara,Amelia Terrón,6675.43
7991,Sucursal 7991,Navarra,Toribio Herrera,2482.18
7995,Sucursal 7995,Girona,Celestina Sandoval,4457.67
8002,Sucursal 8002,Guadalajara,Julieta Mendizábal,2812.55
8007,Sucursal 8007,Tarragona,Emperatriz Reina,2885.54
8014,Sucursal 8014,Girona,Mohamed Cerro,6436.15
8024,Sucursal 8024,Cuenca,Águeda Arjona,1423.35
8034,Sucursal 8034,Ciudad,Josué Tejedor,828.33
8042,Sucursal 8042,Asturias,Maximiano Llano,7955.72
8049,Sucursal 8049,Córdoba,Plácido Sanz,7408.29
8050,Sucursal 8050,Melilla,Amor Atienza,6170.02
8065,Sucursal 8065,La Rioja,Mayte Coll,7866.69
8072,Sucursal 8072,Palencia,León Pascual,1505.67
8077,Sucursal 8077,Granada,Pedro Galvez,838.57
8085,Sucursal 8085,Toledo,Cloe Barros,5119.77
8091,Sucursal 8091,Málaga,Fermín Anglada,4027.85
8093,Sucursal 8093,Teruel,Mario Bayo,11153.369999999999
8101,Sucursal 8101,Málaga,Gala Girón,5197.46
8110,Sucursal 8110,Soria,Amanda Mancebo,4803.77
8113,Sucursal 8113,Cuenca,Eusebia Hernando,3048.51
8117,Sucursal 8117,Valladolid,Emma Fábregas,2265.04
8118,Sucursal 8118,Burgos,Emiliano Mas,6006.56
8131,Sucursal 8131,Vizcaya,Ignacio Rios,6692.32
8135,Sucursal 8135,Ciudad,Rosario Aguilera,6036.4
8136,Sucursal 8136,Vizcaya,Arturo Quesada,1115.63
8137,Sucursal 8137,Cáceres,Rómulo Azcona,6947.61
8149,Sucursal 8149,Palencia,Luna Benito,7982.87
8150,Sucursal 8150,Albacete,Mar Jiménez,3240.98
8167,Sucursal 8167,León,Pancho Ferrán,5473.48
8172,Sucursal 8172,Álava,Santos Bartolomé,6780.62
8174,Sucursal 8174,Huesca,Tamara Pardo,7122.41
8177,Sucursal 8177,Baleares,Poncio Crespo,5660.98
8183,Sucursal 8183,Albacete,Ascensión Olivares,7880.94
8185,Sucursal 8185,Córdoba,Federico Prat,5450.21
8202,Sucursal 8202,Valladolid,Lupe Acosta,3890.53
8206,Sucursal 8206,Castellón,Teófila Roldan,2908.99
8227,Sucursal 8227,Albacete,Fabián Boada,3253.84
8236,Sucursal 8236,Albacete,Sol Arrieta,6724.18
8245,Sucursal 8245,Burgos,Octavia Puente,7038.88
8248,Sucursal 8248,Salamanca,Anunciación Cantón,982.19
8250,Sucursal 8250,La Coruña,Dalila Gordillo,8006.32
8258,Sucursal 8258,Navarra,Primitiva Franco,2573.58
8259,Sucursal 8259,Las Palmas,Josué Somoza,804.65
8269,Sucursal 8269,Badajoz,Ámbar Escribano,3002.3
8286,Sucursal 8286,Guadalajara,Palmira Ramos,1804.52
8291,Sucursal 8291,Toledo,Clementina Zurita,6631.41
8292,Sucursal 8292,Soria,Ema Portillo,6862.21
8294,Sucursal 8294,Burgos,Francisco Arcos,6387.43
8298,Sucursal 8298,Girona,Felicidad Montes,7897.32
8302,Sucursal 8302,Barcelona,Jacinta Carballo,4138.99
8307,Sucursal 8307,Lleida,Ángela Moraleda,1784.3
8308,Sucursal 8308,Huelva,Adriana Zamora,7967.37
8311,Sucursal 8311,Valencia,Herminia Cabeza,6763.01
8312,Sucursal 8312,Palencia,Florina Terrón,4709.15
8318,Sucursal 8318,Badajoz,Mariana Ródenas,1613.04
8319,Sucursal 8319,Málaga,Noa Tejada,5890.27
8330,Sucursal 8330,Huelva,Belen Guillen,4699.78
8331,Sucursal 8331,Salamanca,Felix Soto,1896.53
8332,Sucursal 8332,Madrid,Graciela Angulo,1625.84
8334,Sucursal 8334,Pontevedra,Emelina Aguado,4917.18
8350,Sucursal 8350,Badajoz,Valeria Rodrigo,5563.85
8351,Sucursal 8351,Toledo,Lucho Acedo,5181.3
8352,Sucursal 8352,Asturias,Margarita Murcia,6231.42
8355,Sucursal 8355,Lleida,Bernardo Hoyos,2577.1
8366,Sucursal 8366,Burgos,Javier Soria,6358.17
8369,Sucursal 8369,La Coruña,Julio César Carnero,4075.48
8376,Sucursal 8376,Navarra,Apolinar Revilla,6987.81
8378,Sucursal 8378,Murcia,Benigno Estevez,3921.34
8383,Sucursal 8383,Huelva,Xiomara Infante,6352.7
8390,Sucursal 8390,Zamora,Sebastián Cañizares,2229.01
8400,Sucursal 8400,Girona,Jose Angel Alba,7217.42
8408,Sucursal 8408,Vizcaya,Abel Grande,7978.92
8412,Sucursal 8412,Zamora,Teófila Guijarro,2991.35
8415,Sucursal 8415,Barcelona,Maricruz Hernando,5421.51
8417,Sucursal 8417,Baleares,Jenaro Montesinos,3175.48
8422,Sucursal 8422,Madrid,Brunilda Atienza,13230.380000000001
8426,Sucursal 8426,Cantabria,Evaristo Cabello,1865.37
8435,Sucursal 8435,Córdoba,Constanza Castilla,3812.1
8436,Sucursal 8436,Santa Cruz de Tenerife,Maximino Sosa,3514.47
8441,Sucursal 8441,Ceuta,Aurelia Guerra,892.25
8444,Sucursal 8444,Soria,Silvio Agudo,6992.59
8454,Sucursal 8454,Huelva,Eligio Pagès,4855.93
8456,Sucursal 8456,La Rioja,Severo Guillen,7676.47
8460,Sucursal 8460,La Coruña,Modesta Llorens,2518.06
8465,Sucursal 8465,Almería,Alba Gallardo,4706.94
8467,Sucursal 8467,Navarra,Nazario Fuertes,5140.49
8471,Sucursal 8471,Santa Cruz de Tenerife,Elvira Carvajal,6523.95
8479,Sucursal 8479,Huesca,Urbano Benet,3310.79
8482,Sucursal 8482,Badajoz,Marino Serra,1574.77
8487,Sucursal 8487,Guipúzcoa,Florentino Plaza,6515.48
8503,Sucursal 8503,Burgos,Óscar Ureña,5396.22
8506,Sucursal 8506,Huelva,Pili Figueras,5736.64
8511,Sucursal 8511,Ciudad,Bernabé Vara,3047.91
8514,Sucursal 8514,Almería,Venceslás Pujol,3793.63
8541,Sucursal 8541,Teruel,Dafne Juliá,7008.91
8543,Sucursal 8543,Madrid,Alex Carmona,8890.470000000001
8549,Sucursal 8549,Murcia,Elisabet Galindo,7317.11
8552,Sucursal 8552,Cáceres,Julieta Oller,7396.08
8553,Sucursal 8553,Tarragona,Fabiana Arnaiz,4217.4
8557,Sucursal 8557,Málaga,Jose Miguel Iniesta,2962.3
8558,Sucursal 8558,Ciudad,Jesusa Bonet,2954.75
8560,Sucursal 8560,Pontevedra,Dani Nuñez,2821.89
8563,Sucursal 8563,Cádiz,Cloe Tomas,2445.86
8564,Sucursal 8564,Cantabria,Norberto Clavero,4884.13
8570,Sucursal 8570,Segovia,Damián Yuste,6115.27
8579,Sucursal 8579,Granada,Sarita Roldán,1028.97
8594,Sucursal 8594,Albacete,Mireia Rosales,1803.7
8599,Sucursal 8599,Palencia,Ruperto Rozas,4693.5
8613,Sucursal 8613,Castellón,Cristina Bernal,7102.63
8627,Sucursal 8627,Cáceres,Fabiana Roig,6851.09
8635,Sucursal 8635,Málaga,Lorena Cózar,5234.14
8639,Sucursal 8639,Baleares,Begoña Pedro,4228.14
8640,Sucursal 8640,Toledo,Benjamín Mora,1941.22
8646,Sucursal 8646,Sevilla,Alex Torrens,1543.25
8648,Sucursal 8648,Palencia,Juan Bautista Macias,3336.81
8653,Sucursal 8653,Ceuta,Valentina Tejero,5217.41
8655,Sucursal 8655,Asturias,Jafet Pera,4612.78
8656,Sucursal 8656,Palencia,Ángel Villalobos,6680.63
8664,Sucursal 8664,Santa Cruz de Tenerife,Enrique Gómez,1282.34
8679,Sucursal 8679,Zamora,José Luis Arias,2140.61
8683,Sucursal 8683,Navarra,Teobaldo Garzón,7116.92
8685,Sucursal 8685,Granada,Clementina Zapata,4825.37
8688,Sucursal 8688,Salamanca,Tiburcio Font,5712.99
8709,Sucursal 8709,Santa Cruz de Tenerife,Sarita Cabezas,3887.19
8717,Sucursal 8717,Huelva,David Elías,2735.78
8723,Sucursal 8723,Teruel,Azeneth Cepeda,2709.33
8725,Sucursal 8725,Barcelona,Chelo Vega,1963.59
8729,Sucursal 8729,Ciudad,Pilar Benavides,1463.15
8734,Sucursal 8734,Guadalajara,Ainoa Pont,5282.99
8739,Sucursal 8739,Burgos,Carolina Coll,7536.3
8747,Sucursal 8747,León,Patricia Garcés,3768.03
8750,Sucursal 8750,Segovia,Dan Mayo,2620.09
8753,Sucursal 8753,León,Sarita Manrique,4606.25
8760,Sucursal 8760,Girona,Leticia Reyes,5986.98
8767,Sucursal 8767,Pontevedra,Armando Muro,6468.18
8768,Sucursal 8768,Guipúzcoa,Jacobo Castejón,4164.09
8772,Sucursal 8772,Santa Cruz de Tenerife,Margarita Nogueira,3800.72
8780,Sucursal 8780,Navarra,Heliodoro Arrieta,4390.57
8783,Sucursal 8783,Álava,Eusebia Morán,4325.27
8789,Sucursal 8789,Málaga,Ceferino Marin,5312.08
8793,Sucursal 8793,Alicante,Chus Royo,3154.07
8794,Sucursal 8794,Jaén,Atilio Baquero,5962.96
8798,Sucursal 8798,Valencia,Valentina Padilla,6118.12
8819,Sucursal 8819,Murcia,Laura Villalonga,1685.12
8821,Sucursal 8821,Santa Cruz de Tenerife,Manolo Pareja,1740.99
8822,Sucursal 8822,Ávila,Nélida Samper,6965.71
8824,Sucursal 8824,Ávila,Roque Paniagua,1295.42
8827,Sucursal 8827,Murcia,Dominga Camino,2725.69
8838,Sucursal 8838,Palencia,Narciso Vizcaíno,11978.64
8851,Sucursal 8851,Segovia,Reinaldo Feijoo,8780.33
8853,Sucursal 8853,Cádiz,Pedro Casanova,2171.62
8862,Sucursal 8862,Valladolid,Luisina Ropero,5641.33
8866,Sucursal 8866,Santa Cruz de Tenerife,Sandra Quirós,1093.61
8870,Sucursal 8870,Palencia,Godofredo Español,2167.16
8874,Sucursal 8874,Álava,Nazario Llabrés,5951.98
8882,Sucursal 8882,Burgos,Rosalía Blanes,1838.84
8884,Sucursal 8884,Guadalajara,Rosalía Alfaro,2647.28
8887,Sucursal 8887,Cantabria,Elodia Fernández,5284.22
8893,Sucursal 8893,Zamora,Nereida Olmo,7118.68
8901,Sucursal 8901,Asturias,Dafne Izaguirre,6880.61
8902,Sucursal 8902,Zamora,Fabio Cuevas,5494.11
8911,Sucursal 8911,Vizcaya,Pascuala Lasa,1389.8
8913,Sucursal 8913,Madrid,Crescencia Rovira,1204.04
8922,Sucursal 8922,Palencia,Manu Calvo,7922.4400000000005
8931,Sucursal 8931,Ciudad,Dulce Barceló,1909.12
8932,Sucursal 8932,Guadalajara,Sol Morales,957.43
8933,Sucursal 8933,La Coruña,Bienvenida Guzman,1421.97
8941,Sucursal 8941,Asturias,Eutimio Frutos,7593.45
8946,Sucursal 8946,Pontevedra,Gabino Carrasco,6047.49
8953,Sucursal 8953,Ávila,Isidro Ordóñez,6830.15
8959,Sucursal 8959,Ávila,Toni Hervia,1812.17
8963,Sucursal 8963,Córdoba,Ibán Viña,4029.59
8972,Sucursal 8972,Palencia,Sara Castañeda,4848.61
8978,Sucursal 8978,Segovia,Cruz Ávila,1630.87
8980,Sucursal 8980,Jaén,Priscila Soriano,6608.13
8982,Sucursal 8982,Cáceres,Nacio Isern,1203.0
8984,Sucursal 8984,Pontevedra,Eva María Parejo,1021.47
8988,Sucursal 8988,Sevilla,Viviana Páez,7133.7
8994,Sucursal 8994,La Coruña,José Mayol,7140.74
8995,Sucursal 8995,León,Marco Montoya,2577.3
8996,Sucursal 8996,Cádiz,Lilia Teruel,5576.0
8999,Sucursal 8999,Álava,Agapito Hidalgo,6361.01
9003,Sucursal 9003,Baleares,Bárbara Saura,7040.66
9004,Sucursal 9004,Santa Cruz de Tenerife,Verónica Márquez,6406.08
9005,Sucursal 9005,Albacete,Victoriano Pinedo,3237.23
9016,Sucursal 9016,Ceuta,Nydia Sarabia,6403.99
9057,Sucursal 9057,Vizcaya,Etelvina Reguera,2735.32
9063,Sucursal 9063,Cáceres,Teodoro Alberto,1554.3
9068,Sucursal 9068,Cádiz,Visitación Verdejo,4153.24
9069,Sucursal 9069,Toledo,Calisto Valderrama,2785.05
9071,Sucursal 9071,Córdoba,Susanita Silva,1852.08
9090,Sucursal 9090,Valladolid,Emilio Sanjuan,3227.53
9099,Sucursal 9099,Vizcaya,Florentina Castells,916.24
9106,Sucursal 9106,Asturias,Milagros Carpio,1800.19
9117,Sucursal 9117,Almería,Mireia Marí,3618.23
9121,Sucursal 9121,Burgos,Beatriz Cantero,812.63
9124,Sucursal 9124,Jaén,Juliana Ribas,4692.59
9129,Sucursal 9129,Cáceres,Roque Cabanillas,1775.86
9130,Sucursal 9130,Castellón,Abril Moya,7600.74
9149,Sucursal 9149,Pontevedra,Alma Nicolás,1025.17
9151,Sucursal 9151,Cádiz,Cesar Torre,3394.74
9167,Sucursal 9167,Guipúzcoa,Concha Acuña,2475.86
9171,Sucursal 9171,Jaén,Jose Carlos Bernal,2960.19
9178,Sucursal 9178,Tarragona,Rosa María Cazorla,1377.26
9189,Sucursal 9189,Navarra,Haroldo Barrera,7437.26
9194,Sucursal 9194,Alicante,Paz Perales,7338.19
9201,Sucursal 9201,Segovia,Ana Sofía Lucas,2883.99
9212,Sucursal 9212,Guadalajara,Adán Salgado,8675.36
9215,Sucursal 9215,Zamora,Jose Antonio Gibert,6555.35
9222,Sucursal 9222,Vizcaya,Reyes Merino,4948.76
9227,Sucursal 9227,Huesca,Teo Fonseca,2075.07
9228,Sucursal 9228,Palencia,Octavio Gibert,5710.84
9240,Sucursal 9240,Las Palmas,Toribio Bernad,3110.38
9242,Sucursal 9242,Soria,Manuel Puig,7417.01
9245,Sucursal 9245,Lleida,Atilio Gras,6175.91
9249,Sucursal 9249,Murcia,Venceslás Peralta,4487.62
9250,Sucursal 9250,Santa Cruz de Tenerife,Juan Antonio Rios,4498.93
9254,Sucursal 9254,Burgos,Cristian Medina,7943.21
9258,Sucursal 9258,Melilla,Reyes Araujo,2522.95
9259,Sucursal 9259,Guipúzcoa,Jose Manuel Arregui,5521.31
9266,Sucursal 9266,Huelva,Cristina Peralta,3256.12
9268,Sucursal 9268,Guadalajara,Celestina Carrasco,3174.75
9273,Sucursal 9273,Badajoz,Ema Núñez,4581.63
9281,Sucursal 9281,Jaén,Borja Ureña,7223.37
9285,Sucursal 9285,La Coruña,Luís Santiago,3528.82
9301,Sucursal 9301,La Rioja,Hortensia Fabra,1276.81
9325,Sucursal 9325,Cuenca,Adora Salamanca,2839.91
9332,Sucursal 9332,Guadalajara,Nereida Jiménez,5696.7
9335,Sucursal 9335,Valladolid,Camila Beltran,6784.33
9336,Sucursal 9336,Asturias,Asdrubal Royo,2565.84
9343,Sucursal 9343,Santa Cruz de Tenerife,Zaira Ojeda,2321.29
9347,Sucursal 9347,Baleares,Joan Vila,5354.42
9352,Sucursal 9352,Ourense,Manu Conesa,4618.16
9362,Sucursal 9362,La Rioja,Ester Bou,6853.02
9369,Sucursal 9369,Toledo,Asdrubal Ferrándiz,4698.21
9380,Sucursal 9380,Santa Cruz de Tenerife,Marcela Villalonga,5571.75
9383,Sucursal 9383,Álava,Concepción Mayoral,4495.87
9392,Sucursal 9392,Cantabria,Joaquina Pombo,11070.54
9399,Sucursal 9399,Cáceres,Samu Echeverría,5314.06
9400,Sucursal 9400,Álava,Guiomar Isern,2029.34
9402,Sucursal 9402,Cádiz,Ramiro Lloret,3883.65
9411,Sucursal 9411,Cuenca,Silvia Tur,1680.72
9422,Sucursal 9422,Valencia,Ruy Izquierdo,839.6
9427,Sucursal 9427,Sevilla,María Manuela Guillen,4317.83
9433,Sucursal 9433,Zaragoza,Jorge Nogueira,4199.27
9436,Sucursal 9436,Teruel,Leonardo Rosselló,1560.02
9449,Sucursal 9449,Huelva,María Manuela Pol,2796.14
9451,Sucursal 9451,Salamanca,Adora Almeida,6465.45
9455,Sucursal 9455,Baleares,Bernabé Guijarro,3941.57
9456,Sucursal 9456,Madrid,Jorge Perez,3818.96
9460,Sucursal 9460,Asturias,Gerónimo Suarez,1656.0
9462,Sucursal 9462,Salamanca,Marcial Mariño,9976.61
9463,Sucursal 9463,Zaragoza,Fanny Azorin,3918.93
9474,Sucursal 9474,Ceuta,Norberto Badía,6400.21
9484,Sucursal 9484,Ourense,Benigna Falcón,1206.76
9487,Sucursal 9487,Burgos,Micaela Ramis,5711.67
9495,Sucursal 9495,Málaga,Olivia Benito,4699.02
9497,Sucursal 9497,Ciudad,Melania Mayol,7531.3
9498,Sucursal 9498,La Coruña,Leocadia Rey,4114.83
9501,Sucursal 9501,Melilla,Ismael Cuadrado,5530.98
9508,Sucursal 9508,Ourense,Catalina Vergara,7079.72
9525,Sucursal 9525,Alicante,Máximo Parra,2610.25
9527,Sucursal 9527,Sevilla,Fabiana Taboada,1260.87
9532,Sucursal 9532,Murcia,Rómulo Castro,3184.53
9533,Sucursal 9533,Lugo,Anabel Nebot,3414.29
9537,Sucursal 9537,Lleida,Inocencio Lumbreras,3001.89
9539,Sucursal 9539,Guipúzcoa,Rita Gual,5458.0
9554,Sucursal 9554,Cuenca,Bonifacio Baños,2989.71
9555,Sucursal 9555,Las Palmas,Chita Carballo,4510.7
9557,Sucursal 9557,Ceuta,Valentina Heredia,4805.52
9558,Sucursal 9558,Asturias,Flora Linares,3304.67
9566,Sucursal 9566,Málaga,Belén Carranza,2607.28
9568,Sucursal 9568,Girona,Pío Rosado,2793.31
9569,Sucursal 9569,Ciudad,Fidela Olivares,3864.29
9570,Sucursal 9570,León,Florina Pont,944.87
9575,Sucursal 9575,Girona,Amelia Iñiguez,1096.23
9582,Sucursal 9582,Albacete,Vidal Salinas,1512.95
9585,Sucursal 9585,Ávila,Paula Trujillo,7105.35
9594,Sucursal 9594,Sevilla,Adelardo Porcel,5287.97
9598,Sucursal 9598,Guadalajara,Jimena Olivera,6321.58
9608,Sucursal 9608,Cantabria,Cloe Vilar,4162.13
9611,Sucursal 9611,Badajoz,Vicenta Heras,5201.21
9615,Sucursal 9615,Segovia,Rufino Escudero,2150.09
9640,Sucursal 9640,Lleida,Teodosio Moreno,6110.46
9653,Sucursal 9653,Cantabria,Aránzazu Viñas,7968.43
9678,Sucursal 9678,Ávila,Diego Roca,6917.05
9679,Sucursal 9679,Albacete,Herminia Alcolea,6028.14
9684,Sucursal 9684,Lugo,Juan Pablo Company,6614.07
9692,Sucursal 9692,Cuenca,Oriana Rodriguez,6674.54
9698,Sucursal 9698,Lleida,Ale Parra,3388.34
9700,Sucursal 9700,Lleida,Aarón Mariscal,2938.56
9707,Sucursal 9707,Ceuta,Angélica Llopis,5310.3
9711,Sucursal 9711,Castellón,Jose Carlos Llobet,1837.93
9717,Sucursal 9717,Valladolid,Narciso Águila,3515.12
9719,Sucursal 9719,Melilla,Ambrosio Hernando,11151.85
9726,Sucursal 9726,Ávila,Brígida Fiol,6956.51
9731,Sucursal 9731,Las Palmas,Salomón Córdoba,1561.42
9736,Sucursal 9736,Palencia,Tecla Martí,1779.65
9739,Sucursal 9739,Álava,Jordana Barreda,7642.48
9747,Sucursal 9747,Lleida,David Pastor,1719.17
9755,Sucursal 9755,Toledo,Gerardo Peñalver,2941.25
9756,Sucursal 9756,Granada,Calixto Gallo,2860.48
9759,Sucursal 9759,Ceuta,Eugenio Ferrer,5287.36
9761,Sucursal 9761,Baleares,Emilia Cuéllar,5480.97
9767,Sucursal 9767,Pontevedra,Odalys Verdú,7422.35
9768,Sucursal 9768,Ceuta,Gerardo Fábregas,6187.72
9770,Sucursal 9770,Barcelona,Olalla Palau,1654.23
9772,Sucursal 9772,Lugo,Flavia Guitart,4441.11
9773,Sucursal 9773,Guadalajara,Agustina Tejedor,3676.26
9774,Sucursal 9774,Vizcaya,Ester Marti,7118.04
9775,Sucursal 9775,Ceuta,Nazaret Huguet,7555.76
9776,Sucursal 9776,Cantabria,Paula Riquelme,1465.35
9782,Sucursal 9782,Las Palmas,Fabián Sureda,3051.59
9789,Sucursal 9789,La Coruña,Abril Rey,5600.4
9815,Sucursal 9815,Girona,Ana Sofía Maestre,5332.18
9825,Sucursal 9825,Castellón,Moisés Verdugo,2964.21
9835,Sucursal 9835,Ourense,Paulina Samper,7188.73
9836,Sucursal 9836,Zamora,Julie Rosado,2634.69
9838,Sucursal 9838,Cuenca,Ileana Menendez,6188.63
9839,Sucursal 9839,Lleida,Abigaíl Crespi,2794.69
9841,Sucursal 9841,Melilla,Odalys Vendrell,5581.02
9854,Sucursal 9854,Álava,Anabel Salgado,4965.07
9865,Sucursal 9865,Ourense,Isabela Nevado,2399.6
9867,Sucursal 9867,Baleares,Rubén Dávila,5180.0
9870,Sucursal 9870,Cáceres,Adora Cuéllar,2352.29
9872,Sucursal 9872,Teruel,Chus Salom,5127.24
9875,Sucursal 9875,Sevilla,Ana Belén Pedro,2343.7
9882,Sucursal 9882,Lleida,Lupe Giménez,3858.84
9883,Sucursal 9883,Alicante,Valentina Mendez,3337.36
9884,Sucursal 9884,Segovia,Porfirio Carro,7584.77
9892,Sucursal 9892,Melilla,Leyre Torrent,4174.39
9902,Sucursal 9902,Ourense,Pedro Saez,1396.01
9912,Sucursal 9912,Burgos,Chita Iglesias,4392.28
9921,Sucursal 9921,Tarragona,Haydée Bárcena,1282.08
9923,Sucursal 9923,Pontevedra,Leopoldo Alarcón,1733.79
9924,Sucursal 9924,Tarragona,Manolo Clavero,1248.51
9934,Sucursal 9934,Badajoz,Xiomara Bernal,3327.09
9937,Sucursal 9937,Baleares,Catalina Angulo,6462.0
9940,Sucursal 9940,Salamanca,Ricardo Carretero,3413.59
9942,Sucursal 9942,Segovia,Mayte Bas,1764.16
9944,Sucursal 9944,Burgos,Eugenia Rey,6571.93
9946,Sucursal 9946,Almería,Nicolasa Campoy,6845.68
9947,Sucursal 9947,Huesca,Modesto Garcia,13258.24
9948,Sucursal 9948,Badajoz,Azahar Morán,1281.43
9950,Sucursal 9950,Salamanca,Fausto Roma,5534.08
9951,Sucursal 9951,Huelva,Arsenio Riba,9227.51
9960,Sucursal 9960,Guadalajara,Xavier Conde,5023.35
9962,Sucursal 9962,Cádiz,Rosalina Plaza,8922.8
9966,Sucursal 9966,Cádiz,Cloe Alemany,1371.13
9975,Sucursal 9975,Soria,Joaquín Ibarra,6783.56
9976,Sucursal 9976,Teruel,María Fernanda Luján,1501.71
9984,Sucursal 9984,Ourense,Dan Gutierrez,5634.2
9988,Sucursal 9988,Madrid,Sandalio Pastor,830.66
9993,Sucursal 9993,Álava,Olga Arana,1824.56
